"Date","Price","Open","High","Low","Vol.","Change %"
"11/30/2022","267,795,008","259,810,000","268,000,000","259,508,992","0.04K","3.07%"
"11/29/2022","259,810,000","257,770,000","262,000,000","256,828,000","0.03K","0.79%"
"11/28/2022","257,770,000","260,172,992","260,995,008","256,000,000","0.03K","-0.92%"
"11/27/2022","260,172,992","260,227,008","262,195,008","260,000,992","0.01K","-0.02%"
"11/26/2022","260,227,008","260,500,000","262,000,000","259,627,008","0.01K","-0.10%"
"11/25/2022","260,499,008","260,000,000","260,515,008","257,159,008","0.02K","0.19%"
"11/24/2022","260,000,000","260,088,000","262,000,000","258,500,000","0.03K","-0.03%"
"11/23/2022","260,088,000","256,000,000","261,260,992","255,999,008","0.03K","1.60%"
"11/22/2022","256,000,000","250,780,000","259,174,000","249,344,992","0.05K","2.08%"
"11/21/2022","250,780,000","257,180,992","257,326,000","248,811,008","0.05K","-2.49%"
"11/20/2022","257,180,992","262,132,992","262,464,000","256,855,008","0.03K","-1.89%"
"11/19/2022","262,132,992","261,468,992","262,140,000","260,840,000","0.02K","0.37%"
"11/18/2022","261,164,000","263,999,008","264,406,000","260,012,000","0.02K","-0.28%"
"11/17/2022","261,890,000","261,726,000","262,623,008","258,800,992","0.02K","0.78%"
"11/16/2022","259,867,008","262,999,008","266,740,992","258,499,008","0.05K","-1.19%"
"11/15/2022","262,999,008","260,231,008","266,866,000","258,832,992","0.04K","1.06%"
"11/14/2022","260,231,008","256,664,000","266,948,992","249,999,008","0.07K","1.39%"
"11/13/2022","256,664,000","263,150,000","264,483,008","256,664,000","0.04K","-2.46%"
"11/12/2022","263,150,000","266,270,000","266,730,000","261,868,992","0.05K","-1.17%"
"11/11/2022","266,270,000","276,951,008","278,875,008","261,179,008","0.08K","-3.86%"
"11/10/2022","276,951,008","251,988,992","284,168,000","251,988,000","0.13K","9.91%"
"11/09/2022","251,988,992","297,009,984","299,000,000","251,571,008","0.16K","-15.16%"
"11/08/2022","297,009,984","323,534,016","325,364,992","285,368,992","0.13K","-8.20%"
"11/07/2022","323,534,016","327,204,992","329,420,992","322,559,008","0.03K","-1.12%"
"11/06/2022","327,204,992","331,456,000","331,584,992","326,820,000","0.03K","-1.28%"
"11/05/2022","331,456,000","329,212,992","334,484,000","329,212,000","0.03K","0.68%"
"11/04/2022","329,212,992","316,737,984","330,000,000","316,424,992","0.07K","3.94%"
"11/03/2022","316,737,984","315,782,016","318,985,984","315,000,000","0.02K","0.30%"
"11/02/2022","315,780,992","320,231,008","322,515,008","314,772,992","0.04K","-1.43%"
"11/01/2022","320,368,000","319,200,000","321,500,000","318,500,000","0.03K","0.37%"
"10/31/2022","319,200,000","319,998,016","323,480,000","316,801,984","0.06K","-0.25%"
"10/30/2022","319,998,016","322,447,008","324,463,008","318,873,984","0.03K","-0.76%"
"10/29/2022","322,447,008","320,532,000","325,150,016","320,128,992","0.04K","0.60%"
"10/28/2022","320,532,000","315,068,992","321,604,000","311,907,008","0.04K","1.73%"
"10/27/2022","315,068,992","322,201,984","323,499,008","314,544,992","0.04K","-2.21%"
"10/26/2022","322,201,984","311,508,000","325,000,000","311,508,000","0.06K","3.43%"
"10/25/2022","311,508,000","300,676,000","315,000,000","300,000,000","0.07K","3.60%"
"10/24/2022","300,676,000","304,278,016","304,337,984","299,392,000","0.02K","-1.18%"
"10/23/2022","304,278,016","298,081,984","304,499,008","297,232,000","0.04K","2.08%"
"10/22/2022","298,081,984","298,403,008","299,191,008","297,432,992","0.02K","-0.11%"
"10/21/2022","298,403,008","296,049,984","298,800,000","293,504,992","0.02K","0.79%"
"10/20/2022","296,049,984","297,500,000","299,000,000","295,272,992","0.03K","-0.49%"
"10/19/2022","297,500,000","298,588,000","298,588,000","297,000,000","0.02K","-0.36%"
"10/18/2022","298,588,000","301,198,016","302,700,000","296,000,992","0.03K","-0.87%"
"10/17/2022","301,198,016","297,313,984","302,000,000","296,800,000","0.03K","1.31%"
"10/16/2022","297,313,984","295,203,008","298,329,984","295,193,984","0.01K","0.72%"
"10/15/2022","295,203,008","295,980,000","301,222,016","294,572,000","0.01K","-0.26%"
"10/14/2022","295,980,000","297,768,000","304,000,000","295,318,016","0.05K","-0.60%"
"10/13/2022","297,768,000","293,639,008","298,336,992","282,123,008","0.05K","1.40%"
"10/12/2022","293,652,992","292,891,008","294,439,008","292,784,000","0.02K","0.26%"
"10/11/2022","292,891,008","293,977,984","295,703,008","291,200,000","0.03K","-0.37%"
"10/10/2022","293,979,008","297,100,000","298,332,992","293,617,984","0.02K","-1.04%"
"10/09/2022","297,068,992","296,544,000","299,000,000","296,508,992","0.01K","0.18%"
"10/08/2022","296,544,000","298,380,992","299,156,992","295,168,992","0.01K","-0.62%"
"10/07/2022","298,380,992","302,888,992","305,924,000","295,828,992","0.03K","-1.49%"
"10/06/2022","302,888,992","304,748,000","308,432,000","301,840,000","0.03K","-0.61%"
"10/05/2022","304,748,000","307,619,008","307,620,000","301,161,984","0.04K","-0.93%"
"10/04/2022","307,619,008","299,982,016","308,800,000","298,462,016","0.04K","2.55%"
"10/03/2022","299,982,016","291,511,008","300,000,000","291,511,008","0.03K","2.91%"
"10/02/2022","291,511,008","294,371,008","296,000,992","291,000,000","0.02K","-0.97%"
"10/01/2022","294,371,008","296,055,008","297,222,016","293,700,992","0.02K","-0.57%"
"09/30/2022","296,055,008","297,329,984","305,619,008","292,419,008","0.04K","-0.43%"
"09/29/2022","297,329,984","294,647,008","298,120,992","288,256,992","0.03K","0.91%"
"09/28/2022","294,647,008","290,103,008","299,200,000","283,550,016","0.06K","1.57%"
"09/27/2022","290,103,008","290,907,008","307,000,000","286,518,016","0.06K","-0.28%"
"09/26/2022","290,907,008","283,096,000","291,392,992","282,520,000","0.03K","2.76%"
"09/25/2022","283,096,000","285,348,000","287,916,000","282,871,008","0.02K","-0.79%"
"09/24/2022","285,348,000","290,271,008","290,596,000","284,816,992","0.02K","-1.70%"
"09/23/2022","290,271,008","292,460,000","293,000,000","280,059,008","0.04K","-0.75%"
"09/22/2022","292,460,000","280,062,016","292,500,000","278,142,016","0.04K","4.43%"
"09/21/2022","280,062,016","284,900,992","295,345,984","277,332,992","0.05K","-1.70%"
"09/20/2022","284,900,992","293,548,000","294,335,008","283,537,984","0.04K","-2.95%"
"09/19/2022","293,548,000","293,280,000","294,999,008","277,332,992","0.08K","0.09%"
"09/18/2022","293,280,000","301,579,008","301,740,000","293,000,000","0.02K","-2.75%"
"09/17/2022","301,579,008","295,459,008","302,000,000","295,459,008","0.01K","2.07%"
"09/16/2022","295,459,008","295,895,008","330,395,008","292,500,000","0.02K","-0.15%"
"09/15/2022","295,895,008","303,504,000","304,182,016","293,856,000","0.03K","-2.51%"
"09/14/2022","303,504,000","304,395,008","308,960,000","300,000,000","0.03K","-0.29%"
"09/13/2022","304,395,008","331,769,984","335,808,000","301,760,992","0.07K","-8.25%"
"09/12/2022","331,769,984","321,865,984","332,904,000","319,646,016","0.07K","3.08%"
"09/11/2022","321,865,984","319,414,016","322,644,000","316,841,984","0.03K","0.77%"
"09/10/2022","319,414,016","315,280,000","320,977,984","300,000,000","0.07K","1.31%"
"09/09/2022","315,279,008","288,052,992","316,625,984","288,000,000","0.08K","9.45%"
"09/08/2022","288,052,992","287,944,000","289,276,000","285,000,000","0.05K","0.04%"
"09/07/2022","287,944,000","283,151,008","290,000,000","279,998,016","0.05K","1.62%"
"09/06/2022","283,348,992","295,799,008","300,350,016","281,220,992","0.06K","-4.21%"
"09/05/2022","295,799,008","298,540,000","298,872,992","295,000,000","0.02K","-0.92%"
"09/04/2022","298,540,000","296,903,008","298,540,992","295,009,984","0.02K","0.55%"
"09/03/2022","296,903,008","298,886,016","300,000,000","296,000,000","0.02K","-0.66%"
"09/02/2022","298,886,016","300,510,016","304,112,992","296,929,984","0.03K","-0.54%"
"09/01/2022","300,510,016","299,360,000","302,496,992","294,230,016","0.04K","0.38%"
"08/31/2022","299,360,000","296,268,992","304,500,000","296,049,984","0.04K","1.09%"
"08/30/2022","296,123,008","303,096,992","305,000,000","293,648,992","0.04K","-2.30%"
"08/29/2022","303,096,000","295,032,000","303,700,000","295,000,000","0.03K","2.73%"
"08/28/2022","295,055,008","299,999,008","301,279,008","295,000,000","0.02K","-1.65%"
"08/27/2022","299,999,008","302,959,008","304,225,984","298,800,000","0.03K","-0.91%"
"08/26/2022","302,759,008","319,500,000","322,812,992","302,369,984","0.06K","-5.24%"
"08/25/2022","319,500,000","318,712,000","323,144,000","318,500,000","0.02K","0.25%"
"08/24/2022","318,712,000","321,023,008","324,000,000","316,660,000","0.03K","-0.72%"
"08/23/2022","321,023,008","317,048,992","322,095,008","313,929,984","0.04K","1.25%"
"08/22/2022","317,049,984","322,849,984","322,851,008","313,388,992","0.03K","-1.80%"
"08/21/2022","322,849,984","316,702,016","324,280,000","316,600,992","0.02K","1.94%"
"08/20/2022","316,704,992","313,256,992","319,655,008","313,000,000","0.02K","1.10%"
"08/19/2022","313,256,992","345,868,992","345,870,016","313,256,992","0.09K","-9.43%"
"08/18/2022","345,868,992","347,340,000","350,272,992","345,849,984","0.02K","-0.42%"
"08/17/2022","347,340,000","353,095,008","359,924,992","346,000,000","0.03K","-1.63%"
"08/16/2022","353,095,008","358,500,000","359,688,992","352,000,000","0.03K","-1.51%"
"08/15/2022","358,500,000","358,500,000","370,000,000","352,427,008","0.05K","0.00%"
"08/14/2022","358,500,000","357,438,016","364,990,016","356,656,992","0.04K","0.30%"
"08/13/2022","357,438,016","358,231,008","363,488,000","356,552,992","0.04K","-0.24%"
"08/12/2022","358,291,008","353,980,992","358,784,992","349,500,000","0.04K","1.22%"
"08/11/2022","353,980,992","355,049,984","366,209,984","353,702,016","0.10K","-0.30%"
"08/10/2022","355,049,984","346,216,000","358,590,016","340,358,016","0.07K","2.55%"
"08/09/2022","346,216,000","353,940,000","355,000,000","342,078,016","0.03K","-2.18%"
"08/08/2022","353,940,000","344,760,992","359,431,008","344,678,016","0.05K","2.66%"
"08/07/2022","344,760,992","342,600,992","346,700,992","342,000,000","0.02K","0.63%"
"08/06/2022","342,600,992","346,499,008","346,880,000","342,600,000","0.01K","-1.12%"
"08/05/2022","346,499,008","338,188,992","348,400,992","338,144,000","0.03K","2.46%"
"08/04/2022","338,188,992","341,079,008","346,000,000","336,311,008","0.03K","-0.85%"
"08/03/2022","341,079,008","343,540,992","351,783,008","340,040,000","0.04K","-0.76%"
"08/02/2022","343,689,984","344,369,984","348,340,000","340,000,992","0.05K","0.09%"
"08/01/2022","343,369,984","348,940,992","350,374,016","342,000,992","0.04K","-1.60%"
"07/31/2022","348,940,992","352,180,000","358,702,016","347,348,000","0.03K","-0.92%"
"07/30/2022","352,180,000","353,624,992","365,000,992","350,559,008","0.11K","-0.41%"
"07/29/2022","353,624,992","353,928,000","359,785,984","350,000,000","0.07K","-0.09%"
"07/28/2022","353,928,992","343,384,992","358,499,008","337,900,992","0.07K","3.07%"
"07/27/2022","343,384,992","319,630,016","344,292,000","317,619,008","0.05K","7.43%"
"07/26/2022","319,630,016","321,182,016","321,182,016","312,881,984","0.04K","-0.48%"
"07/25/2022","321,182,016","339,558,016","339,924,992","320,528,000","0.04K","-5.41%"
"07/24/2022","339,558,016","338,000,000","343,204,000","335,292,992","0.02K","0.46%"
"07/23/2022","338,000,000","341,030,016","345,000,000","330,828,992","0.03K","-0.89%"
"07/22/2022","341,030,016","347,059,008","354,990,016","339,000,000","0.05K","-1.74%"
"07/21/2022","347,059,008","347,623,008","350,168,992","336,367,008","0.07K","-0.16%"
"07/20/2022","347,623,008","348,783,008","362,000,000","344,200,000","0.08K","-0.33%"
"07/19/2022","348,784,000","327,224,000","353,030,016","326,200,000","0.06K","6.24%"
"07/18/2022","328,303,008","311,152,992","338,332,000","310,600,000","0.09K","5.51%"
"07/17/2022","311,152,992","316,144,992","321,529,984","310,692,000","0.04K","-1.58%"
"07/16/2022","316,144,992","311,004,992","320,649,984","307,279,008","0.06K","1.65%"
"07/15/2022","311,004,992","307,700,000","315,927,008","304,867,008","0.11K","1.07%"
"07/14/2022","307,700,000","303,999,008","311,846,016","295,756,000","0.05K","1.22%"
"07/13/2022","303,999,008","291,300,992","304,000,000","286,612,000","0.05K","4.36%"
"07/12/2022","291,300,992","301,020,000","302,263,008","291,211,008","0.04K","-3.23%"
"07/11/2022","301,020,000","312,230,016","312,407,008","300,500,000","0.03K","-3.59%"
"07/10/2022","312,230,016","322,700,992","322,718,016","310,000,000","0.03K","-3.24%"
"07/09/2022","322,700,992","322,801,984","327,184,992","320,230,016","0.02K","-0.03%"
"07/08/2022","322,801,984","323,260,992","334,887,008","316,752,000","0.09K","-0.14%"
"07/07/2022","323,260,992","307,216,992","325,000,000","303,000,000","0.09K","5.22%"
"07/06/2022","307,216,992","301,836,992","307,791,008","296,500,000","0.04K","1.78%"
"07/05/2022","301,836,992","301,654,016","309,084,992","290,500,000","0.07K","0.06%"
"07/04/2022","301,654,016","289,500,000","301,655,008","287,000,992","0.06K","4.20%"
"07/03/2022","289,500,000","288,838,016","293,876,000","283,711,008","0.03K","0.23%"
"07/02/2022","288,839,008","289,759,008","290,703,008","286,671,008","0.02K","-0.32%"
"07/01/2022","289,759,008","297,000,000","309,739,008","285,999,008","0.07K","-2.37%"
"06/30/2022","296,790,016","299,192,992","299,249,984","280,719,008","0.05K","-0.80%"
"06/29/2022","299,192,992","301,864,992","303,063,008","296,720,000","0.06K","-0.89%"
"06/28/2022","301,864,992","309,491,008","314,000,000","300,329,984","0.06K","-2.46%"
"06/27/2022","309,491,008","313,660,992","318,224,992","306,000,000","0.05K","-1.31%"
"06/26/2022","313,600,000","318,708,992","323,375,008","313,465,984","0.04K","-1.60%"
"06/25/2022","318,708,992","314,499,008","319,000,000","311,766,016","0.03K","1.34%"
"06/24/2022","314,499,008","312,278,016","317,752,000","308,294,016","0.06K","0.71%"
"06/23/2022","312,278,016","297,300,000","313,751,008","297,300,000","0.06K","5.04%"
"06/22/2022","297,300,000","307,500,000","310,000,000","295,606,016","0.06K","-3.32%"
"06/21/2022","307,500,992","303,500,000","319,977,984","302,326,016","0.08K","1.21%"
"06/20/2022","303,822,016","305,254,016","310,382,016","291,500,000","0.08K","-0.44%"
"06/19/2022","305,169,984","282,631,008","307,788,000","267,819,008","0.09K","7.97%"
"06/18/2022","282,631,008","304,000,992","307,190,016","263,078,000","0.14K","-7.03%"
"06/17/2022","304,000,992","303,833,984","315,596,992","302,800,000","0.07K","0.10%"
"06/16/2022","303,699,008","332,209,984","337,928,992","302,500,000","0.08K","-8.58%"
"06/15/2022","332,209,984","327,756,000","335,000,000","298,201,984","0.14K","1.36%"
"06/14/2022","327,756,000","331,841,984","342,004,992","308,012,000","0.12K","-1.23%"
"06/13/2022","331,841,984","390,264,000","393,547,008","321,230,016","0.16K","-15.02%"
"06/12/2022","390,500,000","416,088,992","417,391,008","390,500,000","0.06K","-6.13%"
"06/11/2022","415,987,008","427,000,992","430,670,016","413,187,008","0.04K","-2.58%"
"06/10/2022","427,000,992","439,185,984","440,000,000","425,000,000","0.05K","-2.76%"
"06/09/2022","439,100,992","438,462,016","445,366,016","436,280,992","0.02K","0.15%"
"06/08/2022","438,462,016","451,147,008","452,190,016","432,849,984","0.04K","-2.81%"
"06/07/2022","451,147,008","452,704,992","456,000,992","425,068,000","0.06K","-0.34%"
"06/06/2022","452,704,992","433,793,984","457,244,000","433,544,992","0.04K","4.36%"
"06/05/2022","433,793,984","432,000,000","435,996,000","429,500,000","0.02K","0.42%"
"06/04/2022","432,000,000","430,203,008","433,190,016","428,832,992","0.01K","0.42%"
"06/03/2022","430,203,008","441,764,992","445,548,992","427,747,008","0.03K","-2.62%"
"06/02/2022","441,764,992","437,999,008","444,569,984","433,000,000","0.05K","-0.06%"
"06/01/2022","442,041,984","463,900,000","465,950,016","438,020,992","0.04K","-4.71%"
"05/31/2022","463,900,000","460,148,992","469,420,992","455,552,000","0.04K","0.83%"
"05/30/2022","460,071,008","429,480,000","465,998,016","428,116,992","0.07K","7.12%"
"05/29/2022","429,480,000","423,860,000","429,999,008","422,504,000","0.02K","1.33%"
"05/28/2022","423,860,000","418,606,016","425,880,992","418,300,992","0.02K","1.26%"
"05/27/2022","418,606,016","430,160,992","430,422,016","414,200,000","0.04K","-2.69%"
"05/26/2022","430,160,992","434,193,984","437,580,000","414,000,000","0.05K","-0.93%"
"05/25/2022","434,193,984","435,108,000","442,788,000","430,569,984","0.03K","-0.21%"
"05/24/2022","435,108,000","428,731,008","436,684,992","424,000,000","0.03K","1.49%"
"05/23/2022","428,729,984","443,991,008","448,816,992","426,000,000","0.07K","-3.44%"
"05/22/2022","443,992,000","432,324,992","444,750,016","429,952,000","0.03K","2.70%"
"05/21/2022","432,324,992","431,777,984","434,545,984","428,150,016","0.02K","0.13%"
"05/20/2022","431,777,984","445,348,992","449,841,984","425,000,000","0.04K","-3.05%"
"05/19/2022","445,348,992","425,094,016","447,168,992","425,000,992","0.07K","4.76%"
"05/18/2022","425,094,016","447,300,000","448,999,008","425,088,000","0.04K","-4.96%"
"05/17/2022","447,300,000","441,976,000","450,000,000","435,504,992","0.04K","1.20%"
"05/16/2022","441,976,000","459,096,992","459,142,016","432,047,008","0.04K","-3.73%"
"05/15/2022","459,096,992","442,751,008","459,190,016","433,312,992","0.03K","3.69%"
"05/14/2022","442,751,008","430,504,992","445,552,000","423,840,992","0.04K","2.84%"
"05/13/2022","430,504,992","428,196,992","454,097,984","426,500,000","0.07K","0.54%"
"05/12/2022","428,200,000","426,748,992","442,830,016","400,000,000","0.15K","0.34%"
"05/11/2022","426,748,992","455,088,992","469,000,000","400,004,000","0.14K","-6.23%"
"05/10/2022","455,088,992","455,123,008","479,039,008","446,268,000","0.08K","-0.51%"
"05/09/2022","457,400,992","500,000,000","501,024,000","448,824,992","0.11K","-8.52%"
"05/08/2022","500,000,000","522,260,000","522,260,992","496,700,000","0.06K","-4.26%"
"05/07/2022","522,260,000","527,544,992","528,124,992","514,332,992","0.02K","-1.00%"
"05/06/2022","527,544,000","536,958,016","536,958,016","519,960,992","0.05K","-1.75%"
"05/05/2022","536,958,016","574,851,968","576,593,984","530,361,984","0.08K","-6.59%"
"05/04/2022","574,851,968","553,374,016","577,811,008","551,000,000","0.05K","3.88%"
"05/03/2022","553,374,016","562,608,000","563,168,000","551,000,000","0.02K","-1.62%"
"05/02/2022","562,508,032","561,548,992","569,998,976","559,000,000","0.02K","0.17%"
"05/01/2022","561,548,992","553,838,016","563,496,000","551,000,000","0.02K","1.39%"
"04/30/2022","553,838,016","563,696,000","564,099,968","552,366,976","0.03K","-1.75%"
"04/29/2022","563,696,000","576,560,000","577,950,016","559,169,984","0.05K","-2.23%"
"04/28/2022","576,560,000","566,822,976","584,147,968","565,105,984","0.08K","1.72%"
"04/27/2022","566,822,976","552,275,968","569,750,016","550,028,032","0.05K","2.63%"
"04/26/2022","552,275,968","583,001,024","586,217,984","547,852,032","0.09K","-5.27%"
"04/25/2022","583,001,024","569,486,976","583,598,976","554,000,000","0.07K","2.37%"
"04/24/2022","569,486,976","571,000,000","575,000,000","565,779,968","0.02K","-0.26%"
"04/23/2022","571,000,000","575,001,024","576,985,984","569,203,968","0.02K","-0.70%"
"04/22/2022","575,001,024","583,593,024","586,830,016","568,033,024","0.04K","-1.47%"
"04/21/2022","583,593,024","595,321,984","615,699,968","574,628,992","0.06K","-1.97%"
"04/20/2022","595,321,984","595,376,000","605,000,000","589,283,008","0.04K","-0.01%"
"04/19/2022","595,376,000","587,899,008","597,731,008","581,489,024","0.05K","1.27%"
"04/18/2022","587,899,008","572,115,008","590,300,992","557,851,008","0.06K","2.76%"
"04/17/2022","572,115,008","581,500,032","583,750,016","571,180,032","0.02K","-1.61%"
"04/16/2022","581,500,032","583,299,968","584,249,024","576,102,016","0.02K","-0.31%"
"04/15/2022","583,299,968","576,337,024","585,889,984","574,374,016","0.02K","1.25%"
"04/14/2022","576,121,984","591,744,000","595,000,000","572,000,000","0.04K","-2.64%"
"04/13/2022","591,744,000","578,569,984","594,998,976","570,947,968","0.06K","2.28%"
"04/12/2022","578,569,984","574,276,992","585,000,000","567,180,032","0.04K","0.75%"
"04/11/2022","574,276,992","607,569,984","610,000,000","569,347,968","0.07K","-5.48%"
"04/10/2022","607,569,984","615,016,000","622,300,032","605,000,000","0.03K","-1.21%"
"04/09/2022","615,016,000","608,268,032","615,169,024","607,542,016","0.02K","1.11%"
"04/08/2022","608,268,032","625,590,016","631,809,984","608,000,000","0.04K","-2.83%"
"04/07/2022","625,992,000","622,678,976","631,531,008","618,000,000","0.05K","0.53%"
"04/06/2022","622,678,976","655,004,032","655,004,032","622,678,976","0.09K","-4.94%"
"04/05/2022","655,006,976","669,881,024","674,401,024","654,068,992","0.05K","-2.22%"
"04/04/2022","669,881,024","666,494,976","670,000,000","648,720,000","0.06K","0.51%"
"04/03/2022","666,494,976","659,052,032","677,500,992","653,539,008","0.05K","1.13%"
"04/02/2022","659,052,032","664,169,984","675,569,984","656,398,016","0.04K","-0.77%"
"04/01/2022","664,169,984","653,486,016","670,000,000","636,753,024","0.07K","1.61%"
"03/31/2022","653,619,008","675,001,024","680,001,024","650,000,000","0.08K","-3.17%"
"03/30/2022","675,001,024","681,190,016","682,585,024","671,000,000","0.06K","-0.91%"
"03/29/2022","681,190,016","681,950,976","687,500,032","676,700,032","0.06K","-0.12%"
"03/28/2022","682,000,000","668,982,976","688,888,000","668,000,000","0.10K","1.95%"
"03/27/2022","668,982,976","637,648,000","669,550,016","637,484,032","0.06K","4.91%"
"03/26/2022","637,648,000","635,838,976","641,729,984","633,000,000","0.05K","0.28%"
"03/25/2022","635,838,976","629,419,008","645,982,016","626,249,984","0.08K","1.02%"
"03/24/2022","629,419,008","615,609,984","631,548,032","613,267,968","0.14K","2.24%"
"03/23/2022","615,609,984","607,388,992","615,609,984","600,601,024","0.07K","1.35%"
"03/22/2022","607,388,992","588,881,984","618,548,992","586,524,032","0.12K","3.14%"
"03/21/2022","588,881,984","589,086,976","593,291,008","581,030,976","0.04K","-0.03%"
"03/20/2022","589,084,992","602,390,016","603,249,984","587,430,976","0.04K","-2.21%"
"03/19/2022","602,390,016","597,670,976","604,000,000","594,604,992","0.04K","0.79%"
"03/18/2022","597,670,976","584,019,968","604,099,968","576,438,976","0.09K","2.36%"
"03/17/2022","583,897,024","586,001,024","590,726,016","581,000,000","0.05K","-0.36%"
"03/16/2022","586,001,024","563,257,984","595,000,000","558,113,984","0.18K","4.04%"
"03/15/2022","563,257,984","564,806,016","569,422,016","548,790,976","0.09K","-0.22%"
"03/14/2022","564,502,016","544,656,000","570,715,008","542,251,008","0.07K","3.61%"
"03/13/2022","544,824,000","557,699,968","562,657,024","543,358,016","0.04K","-2.31%"
"03/12/2022","557,710,016","557,427,008","564,668,032","556,972,032","0.03K","0.05%"
"03/11/2022","557,427,008","565,622,016","575,100,032","551,489,984","0.07K","-1.45%"
"03/10/2022","565,622,016","601,364,992","601,889,024","555,996,992","0.13K","-5.94%"
"03/09/2022","601,364,992","559,998,976","609,488,000","559,660,032","0.11K","7.39%"
"03/08/2022","559,998,976","550,099,008","567,566,016","547,980,032","0.08K","1.80%"
"03/07/2022","550,099,008","556,520,000","570,000,000","537,758,976","0.10K","-1.15%"
"03/06/2022","556,520,000","568,894,976","572,638,976","551,310,016","0.07K","-2.18%"
"03/05/2022","568,894,976","566,611,968","571,440,000","560,800,000","0.04K","0.40%"
"03/04/2022","566,611,968","610,198,976","610,736,000","559,132,992","0.08K","-7.14%"
"03/03/2022","610,198,976","631,000,000","633,000,000","602,360,000","0.07K","-3.31%"
"03/02/2022","631,089,984","635,612,992","647,832,000","622,977,024","0.11K","-0.71%"
"03/01/2022","635,612,992","612,142,976","640,412,992","610,465,024","0.16K","3.34%"
"02/28/2022","615,052,992","544,121,984","629,318,976","541,710,976","0.13K","13.03%"
"02/27/2022","544,169,984","560,289,024","570,240,000","534,363,008","0.08K","-2.88%"
"02/26/2022","560,289,024","562,259,968","574,220,032","555,790,016","0.04K","-0.35%"
"02/25/2022","562,259,968","551,075,968","568,481,984","546,638,016","0.09K","2.03%"
"02/24/2022","551,075,968","536,916,992","562,700,032","495,000,000","0.18K","2.64%"
"02/23/2022","536,916,992","550,872,000","562,796,992","534,671,008","0.07K","-2.53%"
"02/22/2022","550,872,000","537,889,024","551,596,992","526,111,008","0.07K","1.54%"
"02/21/2022","542,499,968","553,217,984","565,000,000","532,633,984","0.10K","-1.94%"
"02/20/2022","553,217,984","576,390,016","576,963,968","548,851,968","0.05K","-3.98%"
"02/19/2022","576,174,016","577,809,984","581,556,992","571,499,008","0.03K","-0.28%"
"02/18/2022","577,809,984","584,844,992","589,894,016","571,001,984","0.07K","-1.20%"
"02/17/2022","584,844,992","626,785,984","630,000,000","579,788,992","0.09K","-6.69%"
"02/16/2022","626,785,984","635,238,976","635,238,976","620,963,008","0.04K","-1.30%"
"02/15/2022","635,052,992","609,964,992","636,998,016","608,923,008","0.07K","4.11%"
"02/14/2022","609,964,992","607,500,032","613,289,984","600,699,008","0.04K","0.41%"
"02/13/2022","607,500,032","607,859,008","614,369,024","604,441,024","0.02K","-0.05%"
"02/12/2022","607,779,968","610,379,008","617,249,024","602,652,992","0.04K","-0.43%"
"02/11/2022","610,379,008","625,856,000","630,000,000","606,484,992","0.08K","-2.50%"
"02/10/2022","626,035,008","636,012,992","652,803,968","622,899,008","0.14K","-1.57%"
"02/09/2022","636,012,992","635,689,024","641,500,032","624,360,000","0.06K","0.05%"
"02/08/2022","635,689,024","635,004,032","653,897,984","618,000,000","0.12K","0.11%"
"02/07/2022","635,004,032","608,625,024","641,017,984","600,000,000","0.11K","4.36%"
"02/06/2022","608,460,032","594,500,992","610,419,968","591,940,992","0.06K","2.35%"
"02/05/2022","594,499,968","596,174,016","600,000,000","587,713,024","0.06K","-0.29%"
"02/04/2022","596,235,008","536,000,000","596,422,976","533,051,008","0.12K","11.24%"
"02/03/2022","536,000,000","533,703,008","536,060,000","524,580,000","0.06K","0.43%"
"02/02/2022","533,703,008","555,390,016","556,670,016","530,264,000","0.07K","-3.90%"
"02/01/2022","555,390,016","552,563,008","562,000,000","546,001,984","0.08K","0.51%"
"01/31/2022","552,563,008","547,217,984","555,000,000","531,000,000","0.10K","0.98%"
"01/30/2022","547,217,024","550,204,992","552,000,000","541,000,000","0.05K","-0.54%"
"01/29/2022","550,204,992","543,961,024","556,120,000","540,000,000","0.05K","1.15%"
"01/28/2022","543,961,024","536,043,008","546,627,968","523,590,016","0.08K","1.58%"
"01/27/2022","535,508,992","531,184,000","537,321,984","515,131,008","0.08K","0.81%"
"01/26/2022","531,184,000","532,740,000","556,851,968","523,353,984","0.10K","-0.29%"
"01/25/2022","532,715,008","524,865,984","539,590,016","517,000,000","0.07K","1.50%"
"01/24/2022","524,865,984","522,820,000","540,486,016","478,169,984","0.18K","0.39%"
"01/23/2022","522,820,000","509,241,984","526,000,000","502,000,000","0.11K","2.67%"
"01/22/2022","509,241,984","531,494,016","533,976,992","500,000,000","0.15K","-4.19%"
"01/21/2022","531,494,016","587,390,016","593,622,016","520,188,992","0.18K","-9.52%"
"01/20/2022","587,385,984","600,339,008","623,000,000","586,694,976","0.10K","-2.16%"
"01/19/2022","600,342,016","609,249,024","611,000,000","595,419,008","0.06K","-1.46%"
"01/18/2022","609,249,024","606,657,984","611,600,000","596,992,000","0.05K","0.43%"
"01/17/2022","606,659,008","616,441,984","616,441,984","599,000,000","0.06K","-1.59%"
"01/16/2022","616,441,984","615,500,032","619,225,024","611,001,984","0.05K","0.15%"
"01/15/2022","615,500,032","617,686,976","624,240,000","610,214,016","0.05K","-0.35%"
"01/14/2022","617,686,976","609,529,984","621,708,992","600,886,976","0.06K","1.39%"
"01/13/2022","609,212,992","631,260,032","634,934,976","608,000,000","0.10K","-3.49%"
"01/12/2022","631,260,032","613,336,000","633,649,984","610,000,000","0.08K","2.92%"
"01/11/2022","613,336,000","600,324,992","618,358,976","595,219,008","0.07K","2.17%"
"01/10/2022","600,323,008","604,280,000","607,969,984","576,065,024","0.10K","-0.65%"
"01/09/2022","604,280,000","603,320,000","615,000,000","598,068,992","0.05K","0.16%"
"01/08/2022","603,320,000","600,097,984","609,916,032","590,000,000","0.08K","0.54%"
"01/07/2022","600,086,976","623,537,024","624,336,000","591,915,008","0.11K","-3.83%"
"01/06/2022","624,000,000","635,320,000","638,993,984","616,104,000","0.10K","-1.78%"
"01/05/2022","635,320,000","661,104,000","674,000,000","626,596,992","0.14K","-3.90%"
"01/04/2022","661,104,000","668,582,976","681,000,000","658,451,008","0.06K","-1.12%"
"01/03/2022","668,582,976","678,344,000","681,000,000","661,000,000","0.05K","-1.45%"
"01/02/2022","678,422,016","683,998,976","686,000,000","671,024,000","0.03K","-0.82%"
"01/01/2022","684,000,000","668,001,984","688,000,000","668,001,984","0.04K","2.30%"
"12/31/2021","668,630,016","678,748,032","695,670,016","662,499,968","0.08K","-1.49%"
"12/30/2021","678,748,032","670,025,984","688,094,016","665,500,032","0.05K","1.30%"
"12/29/2021","670,025,984","686,321,024","692,849,984","667,409,984","0.07K","-2.37%"
"12/28/2021","686,324,992","721,891,968","721,891,968","682,929,984","0.09K","-4.93%"
"12/27/2021","721,891,968","719,200,000","737,502,016","715,200,000","0.12K","0.37%"
"12/26/2021","719,200,000","715,500,992","724,499,968","703,500,032","0.08K","0.52%"
"12/25/2021","715,500,992","720,992,000","724,883,008","714,689,024","0.06K","-0.76%"
"12/24/2021","720,992,000","719,000,000","734,000,000","717,716,992","0.16K","0.28%"
"12/23/2021","718,998,976","695,001,024","725,779,968","686,668,032","0.14K","3.45%"
"12/22/2021","695,001,024","700,102,016","705,505,984","692,545,984","0.05K","-0.73%"
"12/21/2021","700,102,016","676,257,024","704,000,000","672,675,968","0.11K","3.53%"
"12/20/2021","676,256,000","673,001,024","683,049,984","660,000,000","0.08K","0.50%"
"12/19/2021","672,910,016","673,881,984","690,080,000","669,801,024","0.06K","-0.19%"
"12/18/2021","674,200,000","669,041,024","681,212,992","660,700,992","0.05K","1.01%"
"12/17/2021","667,475,008","686,001,024","689,526,976","662,000,000","0.10K","-2.70%"
"12/16/2021","686,001,024","700,038,016","706,761,024","686,000,000","0.07K","-2.00%"
"12/15/2021","700,035,968","696,382,976","708,800,000","673,705,024","0.10K","0.52%"
"12/14/2021","696,382,976","683,966,016","699,900,032","672,499,968","0.08K","1.81%"
"12/13/2021","683,980,032","720,864,000","721,865,024","670,000,000","0.10K","-5.12%"
"12/12/2021","720,864,000","710,779,008","729,000,000","703,840,000","0.07K","1.46%"
"12/11/2021","710,520,000","686,539,008","712,080,000","685,000,000","0.07K","3.48%"
"12/10/2021","686,598,016","688,817,024","719,689,984","685,580,032","0.08K","-0.32%"
"12/09/2021","688,817,984","724,270,016","727,507,008","685,580,032","0.09K","-4.89%"
"12/08/2021","724,270,016","728,542,016","734,334,976","706,116,992","0.12K","-0.59%"
"12/07/2021","728,542,016","729,998,976","745,358,976","722,001,984","0.10K","-0.20%"
"12/06/2021","729,998,976","721,241,984","736,576,000","693,150,016","0.10K","1.31%"
"12/05/2021","720,526,016","726,915,008","733,009,984","701,998,976","0.12K","-0.83%"
"12/04/2021","726,579,968","784,028,992","786,000,000","688,889,024","0.32K","-7.33%"
"12/03/2021","784,025,984","815,030,016","826,708,992","770,001,024","0.11K","-3.83%"
"12/02/2021","815,211,008","822,955,008","826,708,992","807,139,968","0.09K","-0.94%"
"12/01/2021","822,953,984","820,179,008","845,000,000","816,283,008","0.11K","0.34%"
"11/30/2021","820,182,016","830,500,992","847,000,000","806,200,000","0.09K","-1.24%"
"11/29/2021","830,505,984","821,838,976","840,000,000","809,800,000","0.15K","1.05%"
"11/28/2021","821,840,000","794,217,024","825,000,000","776,100,992","0.11K","3.48%"
"11/27/2021","794,217,024","780,000,000","799,571,008","780,000,000","0.06K","1.82%"
"11/26/2021","780,001,024","842,566,976","845,000,000","780,000,000","0.13K","-7.43%"
"11/25/2021","842,566,976","817,198,016","849,411,008","817,000,000","0.10K","3.10%"
"11/24/2021","817,198,016","823,404,992","823,404,992","803,635,008","0.08K","-0.75%"
"11/23/2021","823,404,992","809,425,024","825,000,000","801,000,000","0.09K","1.73%"
"11/22/2021","809,401,984","840,505,984","847,649,984","801,000,000","0.07K","-3.64%"
"11/21/2021","840,000,000","851,446,976","855,110,016","837,449,984","0.03K","-1.35%"
"11/20/2021","851,496,000","832,982,016","853,916,992","825,000,000","0.04K","2.12%"
"11/19/2021","833,820,032","816,793,984","835,593,024","799,819,008","0.07K","1.95%"
"11/18/2021","817,910,016","867,182,976","872,473,024","812,499,008","0.09K","-5.54%"
"11/17/2021","865,867,008","866,979,968","872,424,000","845,075,008","0.07K","-0.02%"
"11/16/2021","866,075,008","915,659,008","915,659,008","851,900,992","0.12K","-5.42%"
"11/15/2021","915,660,032","932,739,968","943,651,968","910,505,984","0.08K","-1.83%"
"11/14/2021","932,739,008","918,713,024","932,739,008","910,070,976","0.05K","1.53%"
"11/13/2021","918,713,024","918,958,016","926,000,000","906,262,976","0.05K","-0.03%"
"11/12/2021","918,995,008","930,523,008","933,988,992","892,297,984","0.07K","-1.24%"
"11/11/2021","930,523,008","937,756,032","938,489,024","927,000,000","0.06K","-0.79%"
"11/10/2021","937,940,992","955,000,000","978,060,032","919,000,000","0.13K","-1.79%"
"11/09/2021","955,000,000","958,019,008","968,392,000","946,291,008","0.19K","-0.36%"
"11/08/2021","958,497,024","902,390,016","958,947,008","902,390,016","0.33K","6.22%"
"11/07/2021","902,390,016","879,056,000","902,390,016","878,688,000","0.08K","2.65%"
"11/06/2021","879,057,024","876,654,016","882,750,976","867,001,984","0.06K","0.27%"
"11/05/2021","876,654,016","881,278,976","895,000,000","875,587,968","0.07K","-0.48%"
"11/04/2021","880,899,008","896,001,024","898,216,000","873,923,968","0.06K","-1.69%"
"11/03/2021","896,001,024","896,452,992","903,000,000","871,467,008","0.08K","-0.07%"
"11/02/2021","896,600,000","869,990,016","910,622,976","866,000,000","0.21K","2.77%"
"11/01/2021","872,400,000","871,510,016","887,000,000","852,001,024","0.12K","0.10%"
"10/31/2021","871,510,016","878,000,000","884,972,992","857,142,016","0.07K","-0.66%"
"10/30/2021","877,273,984","880,715,008","882,000,000","865,500,032","0.06K","-0.39%"
"10/29/2021","880,715,008","859,996,032","887,932,992","853,592,000","0.11K","2.41%"
"10/28/2021","859,996,032","838,814,976","880,000,000","835,699,968","0.11K","2.52%"
"10/27/2021","838,816,000","855,649,024","870,000,000","835,000,000","0.13K","-1.97%"
"10/26/2021","855,649,024","886,545,024","889,601,024","851,051,008","0.11K","-3.48%"
"10/25/2021","886,545,024","858,344,000","895,200,000","855,460,992","0.10K","3.29%"
"10/24/2021","858,344,000","866,073,024","868,398,976","845,000,000","0.09K","-0.98%"
"10/23/2021","866,835,968","861,940,992","872,000,000","850,000,000","0.07K","0.56%"
"10/22/2021","862,001,024","878,502,976","897,000,000","853,500,992","0.12K","-1.88%"
"10/21/2021","878,502,976","920,353,024","929,996,032","878,001,024","0.18K","-4.55%"
"10/20/2021","920,353,984","901,739,008","932,907,008","893,000,000","0.14K","2.16%"
"10/19/2021","900,908,992","873,998,976","902,000,000","869,076,992","0.14K","3.13%"
"10/18/2021","873,603,008","865,142,016","877,998,976","849,000,000","0.12K","0.98%"
"10/17/2021","865,142,016","856,140,992","865,142,976","834,200,000","0.05K","1.05%"
"10/16/2021","856,145,984","865,000,000","875,000,000","847,088,000","0.07K","-1.02%"
"10/15/2021","864,998,016","806,499,968","878,398,016","803,000,000","0.25K","7.17%"
"10/14/2021","807,100,032","813,020,032","824,227,008","802,726,976","0.11K","-0.73%"
"10/13/2021","813,020,032","800,779,008","816,560,000","777,153,984","0.10K","1.50%"
"10/12/2021","801,008,000","819,790,976","822,840,000","775,121,984","0.10K","-2.26%"
"10/11/2021","819,571,008","779,273,024","824,000,000","778,043,008","0.15K","4.95%"
"10/10/2021","780,952,000","781,012,992","800,000,000","774,000,000","0.10K","-0.01%"
"10/09/2021","781,012,992","770,515,968","786,470,976","768,297,024","0.04K","1.42%"
"10/08/2021","770,060,992","764,270,976","792,499,968","764,270,976","0.10K","0.73%"
"10/07/2021","764,446,016","788,364,032","788,364,992","763,001,024","0.11K","-3.03%"
"10/06/2021","788,364,032","731,950,976","791,304,000","720,502,016","0.17K","7.78%"
"10/05/2021","731,473,024","697,931,008","735,000,000","694,936,000","0.11K","5.26%"
"10/04/2021","694,936,000","685,516,992","702,009,024","672,790,016","0.14K","1.37%"
"10/03/2021","685,516,992","679,318,976","697,256,000","671,350,976","0.08K","0.91%"
"10/02/2021","679,318,976","684,121,024","686,918,976","675,203,008","0.10K","-0.70%"
"10/01/2021","684,118,016","625,750,016","688,000,000","617,777,024","0.21K","9.33%"
"09/30/2021","625,750,016","598,499,008","629,251,008","597,824,000","0.21K","4.55%"
"09/29/2021","598,499,008","591,918,016","610,342,016","590,009,984","0.06K","1.17%"
"09/28/2021","591,606,016","619,609,984","619,609,984","591,144,000","0.13K","-4.52%"
"09/27/2021","619,609,984","619,089,984","632,529,984","612,577,984","0.07K","0.13%"
"09/26/2021","618,800,000","613,897,024","626,972,032","594,000,000","0.08K","0.80%"
"09/25/2021","613,897,024","614,292,992","616,452,992","600,953,984","0.04K","-0.11%"
"09/24/2021","614,547,968","637,697,984","644,081,024","592,000,000","0.18K","-3.63%"
"09/23/2021","637,697,984","624,000,000","637,697,984","617,420,992","0.40K","2.20%"
"09/22/2021","624,000,000","591,201,024","628,499,968","591,201,024","0.09K","5.55%"
"09/21/2021","591,201,024","622,784,000","628,998,976","580,281,984","0.16K","-4.66%"
"09/20/2021","620,072,000","679,593,984","681,894,976","618,468,992","0.19K","-8.76%"
"09/19/2021","679,593,984","692,758,976","694,000,000","676,499,968","0.04K","-1.88%"
"09/18/2021","692,622,976","679,384,000","698,998,016","677,500,992","0.05K","1.95%"
"09/17/2021","679,384,000","682,584,000","688,110,976","676,121,984","0.05K","-0.47%"
"09/16/2021","682,576,000","686,284,992","691,148,992","675,800,000","0.07K","-0.54%"
"09/15/2021","686,284,032","672,776,000","692,400,000","670,012,032","0.08K","2.01%"
"09/14/2021","672,774,976","648,806,976","674,609,024","648,600,000","0.07K","3.69%"
"09/13/2021","648,806,976","662,700,032","668,662,976","637,307,008","0.11K","-2.10%"
"09/12/2021","662,700,032","653,265,984","667,000,000","648,339,968","0.04K","1.44%"
"09/11/2021","653,265,984","649,721,024","663,683,968","649,720,000","0.04K","0.55%"
"09/10/2021","649,720,000","669,158,016","675,929,024","645,000,000","0.10K","-2.90%"
"09/09/2021","669,158,016","667,016,000","680,000,000","666,969,024","0.09K","-2.04%"
"09/07/2021","683,078,016","683,078,016","683,078,016","683,078,016","","-3.05%"
"09/02/2021","704,601,984","695,353,984","705,248,000","695,353,024","0.12K","1.33%"
"09/01/2021","695,353,984","695,022,016","695,353,984","695,022,016","0.08K","-1.02%"
"08/30/2021","702,521,024","702,520,000","702,521,024","702,520,000","0.08K","-2.27%"
"08/23/2021","718,822,016","708,492,032","720,000,000","706,769,984","0.08K","1.46%"
"08/22/2021","708,492,992","701,563,008","709,000,000","693,998,976","0.06K","0.99%"
"08/21/2021","701,563,008","704,150,016","708,888,000","694,000,000","0.07K","-0.37%"
"08/20/2021","704,150,016","669,948,992","704,150,016","669,948,032","0.16K","5.11%"
"08/19/2021","669,948,992","654,334,016","675,000,000","642,742,976","0.11K","2.37%"
"08/18/2021","654,444,992","653,219,968","665,000,000","649,000,000","0.11K","0.19%"
"08/17/2021","653,219,968","665,464,000","676,388,992","650,745,024","0.14K","-1.84%"
"08/16/2021","665,462,976","669,387,008","681,000,000","660,428,032","0.13K","-0.59%"
"08/15/2021","669,387,008","668,622,976","672,000,000","653,918,016","0.09K","0.11%"
"08/14/2021","668,622,976","678,297,024","679,587,008","658,000,000","0.09K","-1.43%"
"08/13/2021","678,297,024","641,344,000","680,000,000","640,003,968","0.12K","5.76%"
"08/12/2021","641,344,000","657,556,992","664,550,016","632,656,000","0.10K","-2.47%"
"08/11/2021","657,556,992","656,419,968","671,500,032","653,830,976","0.09K","0.17%"
"08/10/2021","656,419,968","663,000,000","663,985,984","644,288,000","0.09K","-0.99%"
"08/09/2021","663,000,000","627,209,984","664,150,016","617,000,000","0.14K","5.71%"
"08/08/2021","627,209,984","635,000,000","645,500,032","621,216,000","0.11K","-1.23%"
"08/07/2021","635,000,000","611,500,032","635,000,000","611,000,000","0.13K","3.84%"
"08/06/2021","611,500,032","584,009,024","618,000,000","571,153,984","0.18K","4.71%"
"08/05/2021","584,009,024","570,281,984","589,502,016","540,000,000","0.14K","2.41%"
"08/04/2021","570,281,984","551,827,008","572,208,000","542,200,000","0.09K","3.34%"
"08/03/2021","551,827,008","568,145,024","575,000,000","547,160,000","0.08K","-2.87%"
"08/02/2021","568,145,024","579,201,024","588,326,016","562,001,024","0.09K","-2.39%"
"08/01/2021","582,040,000","599,315,008","612,049,984","578,000,000","0.11K","-2.88%"
"07/31/2021","599,315,008","609,000,000","610,000,000","595,022,016","0.07K","-1.59%"
"07/30/2021","609,000,000","578,105,984","610,000,000","555,555,968","0.16K","5.34%"
"07/29/2021","578,105,984","579,260,032","585,998,976","570,000,000","0.09K","-0.20%"
"07/28/2021","579,260,032","569,894,976","590,000,000","563,200,000","0.13K","1.64%"
"07/27/2021","569,894,976","542,998,976","569,998,976","528,000,992","0.13K","4.70%"
"07/26/2021","544,310,016","510,000,000","580,000,000","508,086,016","0.28K","6.73%"
"07/25/2021","510,000,000","500,207,008","510,000,000","490,004,000","0.15K","4.33%"
"07/24/2021","488,856,000","485,254,016","490,203,008","481,343,008","0.11K","0.84%"
"07/23/2021","484,800,000","468,000,000","484,800,000","465,320,992","0.09K","3.59%"
"07/22/2021","468,000,000","466,631,008","470,500,000","460,500,000","0.11K","0.29%"
"07/21/2021","466,631,008","434,780,000","473,681,984","434,454,016","0.09K","7.33%"
"07/20/2021","434,780,000","452,073,984","454,368,992","431,900,000","0.08K","-3.83%"
"07/19/2021","452,073,984","462,300,000","462,876,992","448,177,984","0.08K","-2.21%"
"07/18/2021","462,300,000","457,944,000","468,999,008","455,111,008","0.04K","0.95%"
"07/17/2021","457,944,000","456,803,008","463,617,984","454,504,000","0.03K","0.25%"
"07/16/2021","456,803,008","462,564,992","467,111,008","453,000,000","0.06K","-1.25%"
"07/15/2021","462,564,992","476,604,992","480,000,000","455,332,992","0.08K","-2.95%"
"07/14/2021","476,604,992","476,286,016","479,494,016","463,000,000","0.08K","0.07%"
"07/13/2021","476,286,016","482,200,000","484,004,000","471,000,992","0.06K","-1.28%"
"07/12/2021","482,446,016","495,204,992","499,676,992","476,000,000","0.08K","-2.58%"
"07/11/2021","495,204,992","487,271,008","498,776,000","484,913,984","0.05K","1.63%"
"07/10/2021","487,271,008","492,200,992","496,000,000","481,976,992","0.11K","-1.00%"
"07/09/2021","492,200,992","480,995,008","494,500,000","475,200,000","0.08K","2.33%"
"07/08/2021","480,995,008","492,100,992","492,468,992","473,140,000","0.12K","-2.29%"
"07/07/2021","492,276,992","497,000,000","504,000,992","491,750,016","0.10K","-0.62%"
"07/06/2021","495,336,992","495,662,016","499,999,008","493,350,016","0.12K","-0.07%"
"07/05/2021","495,662,016","508,200,000","508,200,000","495,662,016","0.11K","-2.47%"
"07/04/2021","508,200,000","510,003,008","510,003,008","508,200,000","0.05K","1.50%"
"07/03/2021","500,672,992","489,999,008","500,672,992","489,999,008","0.06K","2.18%"
"07/02/2021","489,999,008","486,764,992","489,999,008","486,764,992","0.09K","0.66%"
"07/01/2021","486,764,992","509,000,000","509,000,000","484,276,000","0.12K","-4.37%"
"06/30/2021","509,000,000","517,886,016","517,886,016","509,000,000","0.13K","-1.72%"
"06/29/2021","517,886,016","498,000,000","517,886,016","498,000,000","0.18K","3.99%"
"06/28/2021","498,000,000","499,948,992","499,948,992","492,000,992","0.13K","-0.39%"
"06/27/2021","499,948,992","469,080,992","499,948,992","469,080,992","0.12K","6.58%"
"06/26/2021","469,080,992","461,152,992","469,080,992","460,000,000","0.12K","1.72%"
"06/25/2021","461,152,992","495,260,992","495,260,992","461,152,992","0.14K","-6.89%"
"06/24/2021","495,260,992","486,248,992","495,260,992","486,248,992","0.12K","1.85%"
"06/23/2021","486,248,992","474,875,008","486,248,992","474,875,008","0.12K","2.40%"
"06/22/2021","474,875,008","465,448,992","474,875,008","465,448,992","0.30K","2.03%"
"06/21/2021","465,448,992","519,583,008","519,583,008","465,448,992","0.24K","-10.42%"
"06/20/2021","519,583,008","518,131,008","519,583,008","518,131,008","0.14K","0.28%"
"06/19/2021","518,131,008","521,462,016","521,462,016","518,131,008","0.09K","-0.64%"
"06/18/2021","521,462,016","552,668,032","552,668,032","521,462,016","0.09K","-5.65%"
"06/17/2021","552,668,032","554,691,008","568,000,000","552,668,032","0.09K","-0.36%"
"06/16/2021","554,691,008","574,000,000","574,000,000","554,691,008","0.09K","-3.36%"
"06/15/2021","574,000,000","572,004,992","574,115,008","572,004,992","0.11K","0.35%"
"06/14/2021","572,004,992","560,001,984","572,004,992","560,001,984","0.14K","2.14%"
"06/13/2021","560,001,984","515,000,000","560,001,984","515,000,000","0.11K","8.74%"
"06/12/2021","515,000,000","537,710,016","537,710,016","515,000,000","0.08K","-4.22%"
"06/11/2021","537,710,016","526,753,984","537,710,016","526,753,984","0.10K","2.08%"
"06/10/2021","526,753,984","537,500,032","537,500,032","526,753,984","0.18K","-1.93%"
"06/09/2021","537,102,016","487,000,992","537,102,016","487,000,992","0.18K","10.29%"
"06/08/2021","487,000,992","492,840,992","492,840,992","487,000,992","0.18K","-1.18%"
"06/07/2021","492,840,992","523,123,008","523,123,008","492,840,992","0.14K","-5.79%"
"06/06/2021","523,123,008","520,000,992","523,123,008","520,000,992","0.06K","0.60%"
"06/05/2021","520,000,992","536,171,008","536,171,008","520,000,992","0.11K","-3.02%"
"06/04/2021","536,171,008","563,566,976","563,566,976","535,651,008","0.10K","-4.86%"
"06/03/2021","563,566,976","542,497,984","563,566,976","542,497,984","0.12K","3.88%"
"06/02/2021","542,497,984","533,054,016","542,497,984","533,054,016","0.14K","1.77%"
"06/01/2021","533,054,016","545,300,992","545,300,992","533,054,016","0.13K","-2.25%"
"05/31/2021","545,300,992","525,499,008","545,300,992","514,604,000","0.14K","3.77%"
"05/30/2021","525,499,008","511,648,000","525,499,008","511,648,000","0.10K","2.71%"
"05/29/2021","511,647,008","527,912,992","527,912,992","511,647,008","0.13K","-3.08%"
"05/28/2021","527,912,992","565,996,992","565,996,992","527,912,992","0.19K","-6.73%"
"05/27/2021","565,996,992","578,152,000","579,689,024","565,996,992","0.16K","-2.10%"
"05/26/2021","578,152,000","563,980,032","578,152,000","563,980,032","0.16K","2.51%"
"05/25/2021","563,980,032","571,358,976","571,358,976","556,300,992","0.22K","-1.29%"
"05/24/2021","571,358,976","520,612,992","571,358,976","520,612,992","0.19K","9.75%"
"05/23/2021","520,612,992","564,008,000","564,008,000","517,000,000","0.29K","-7.69%"
"05/22/2021","564,008,000","567,499,008","567,499,008","564,008,000","0.22K","-0.62%"
"05/21/2021","567,499,008","611,139,968","611,139,968","567,499,008","0.24K","-7.14%"
"05/20/2021","611,139,968","570,001,984","611,139,968","570,001,984","0.38K","7.02%"
"05/19/2021","571,056,000","640,672,000","640,672,000","571,056,000","0.63K","-10.87%"
"05/18/2021","640,686,976","651,630,976","651,630,976","640,686,976","0.18K","-1.51%"
"05/17/2021","650,531,968","704,451,968","704,451,968","650,531,968","0.34K","-7.65%"
"05/16/2021","704,451,968","710,985,984","727,886,016","704,451,968","0.23K","-0.92%"
"05/15/2021","710,990,016","740,803,968","740,803,968","710,990,016","0.17K","-4.02%"
"05/14/2021","740,803,968","753,609,024","753,609,024","740,803,968","0.15K","-1.70%"
"05/13/2021","753,609,984","780,001,024","780,001,024","753,609,984","0.54K","-3.41%"
"05/12/2021","780,200,000","839,971,008","844,534,976","780,200,000","0.20K","-7.12%"
"05/11/2021","839,971,008","848,888,000","848,888,000","821,563,008","0.18K","-1.05%"
"05/10/2021","848,888,000","859,001,984","859,001,984","847,635,008","0.18K","-1.18%"
"05/09/2021","859,006,016","858,588,992","859,006,016","853,907,968","0.17K","0.05%"
"05/08/2021","858,588,992","837,513,024","858,588,992","837,513,024","0.13K","2.52%"
"05/07/2021","837,513,024","829,590,976","837,513,024","823,649,984","0.11K","0.95%"
"05/06/2021","829,590,976","842,265,024","850,249,984","829,590,976","0.10K","-1.50%"
"05/05/2021","842,265,024","801,000,000","854,998,976","801,000,000","0.14K","5.15%"
"05/04/2021","801,001,024","840,004,992","840,004,992","801,001,024","0.11K","-4.64%"
"05/03/2021","840,003,968","827,715,008","847,497,984","827,715,008","0.11K","1.48%"
"05/02/2021","827,715,008","839,243,008","839,243,008","827,715,008","0.06K","-1.37%"
"05/01/2021","839,243,008","839,086,976","839,243,008","839,086,976","0.08K","0.02%"
"04/30/2021","839,086,976","792,000,000","839,086,976","792,000,000","0.11K","5.95%"
"04/29/2021","792,000,000","809,995,008","809,995,008","792,000,000","0.11K","-2.22%"
"04/28/2021","809,995,008","815,998,976","815,998,976","805,000,000","0.09K","-0.74%"
"04/27/2021","815,998,976","801,308,992","815,998,976","801,308,992","0.10K","1.83%"
"04/26/2021","801,308,992","757,590,016","801,308,992","757,590,016","0.15K","5.77%"
"04/25/2021","757,590,016","768,000,000","768,000,000","757,590,016","0.12K","-1.36%"
"04/24/2021","768,000,000","778,275,968","778,275,968","766,003,008","0.10K","-1.32%"
"04/23/2021","778,275,968","810,780,992","810,780,992","778,275,968","0.34K","-4.01%"
"04/22/2021","810,780,992","825,011,008","832,499,968","810,780,992","0.23K","-1.72%"
"04/21/2021","825,011,008","866,363,008","866,363,008","825,011,008","0.18K","-4.77%"
"04/20/2021","866,363,008","867,342,016","870,000,000","866,363,008","0.18K","-0.11%"
"04/19/2021","867,342,016","881,102,016","881,102,016","862,646,976","0.26K","-1.56%"
"04/18/2021","881,102,016","913,148,032","913,148,032","881,102,016","0.32K","-3.51%"
"04/17/2021","913,148,032","915,446,976","916,262,016","913,148,032","0.08K","-0.25%"
"04/16/2021","915,446,976","936,000,000","938,860,032","915,446,976","0.19K","-2.20%"
"04/15/2021","936,000,000","936,787,968","936,787,968","936,000,000","0.12K","-0.08%"
"04/14/2021","936,787,968","939,993,024","939,993,024","936,787,968","0.21K","-0.34%"
"04/13/2021","939,993,024","898,996,992","939,993,024","898,996,992","0.27K","4.56%"
"04/12/2021","898,996,992","888,998,016","898,996,992","888,998,016","0.16K","1.12%"
"04/11/2021","888,998,016","885,316,992","888,998,016","885,316,992","0.05K","0.42%"
"04/10/2021","885,316,992","863,110,976","885,316,992","863,110,976","0.19K","2.57%"
"04/09/2021","863,110,976","855,998,976","863,110,976","855,998,976","0.11K","0.83%"
"04/08/2021","855,998,976","839,518,976","855,998,976","839,518,976","0.09K","1.96%"
"04/07/2021","839,518,976","855,001,024","855,001,024","839,518,976","0.27K","-1.81%"
"04/06/2021","855,001,024","869,940,992","870,044,032","855,001,024","0.14K","-1.72%"
"04/05/2021","870,000,000","848,102,016","870,000,000","841,993,024","0.18K","2.58%"
"04/04/2021","848,102,016","836,004,992","850,001,024","836,004,992","0.08K","1.45%"
"04/03/2021","836,004,992","854,008,000","854,008,000","836,004,992","0.13K","-2.11%"
"04/02/2021","854,008,000","850,670,016","854,008,000","850,670,016","0.11K","0.39%"
"04/01/2021","850,670,016","850,769,984","851,500,032","850,670,016","0.10K","-0.01%"
"03/31/2021","850,769,984","845,705,024","850,769,984","845,705,024","0.14K","0.60%"
"03/30/2021","845,705,024","834,099,968","845,705,024","834,099,968","0.13K","1.39%"
"03/29/2021","834,099,968","811,456,000","838,000,000","811,456,000","0.14K","2.79%"
"03/28/2021","811,456,000","812,001,024","812,001,024","811,456,000","0.05K","-0.07%"
"03/27/2021","812,001,024","800,899,968","812,001,024","800,899,968","0.08K","1.39%"
"03/26/2021","800,899,968","761,766,976","800,899,968","761,766,976","0.08K","5.14%"
"03/25/2021","761,766,976","783,928,000","786,000,000","761,766,976","0.27K","-2.83%"
"03/24/2021","783,929,984","806,550,016","819,208,000","783,929,984","0.21K","-2.80%"
"03/23/2021","806,550,016","810,001,984","810,001,984","806,550,016","0.26K","-0.67%"
"03/22/2021","811,985,024","843,000,000","843,000,000","811,985,024","0.16K","-3.68%"
"03/21/2021","843,000,000","850,014,016","850,014,016","841,003,008","0.13K","-0.83%"
"03/20/2021","850,014,016","848,094,016","850,014,016","848,094,016","0.07K","0.23%"
"03/19/2021","848,094,016","842,896,000","848,094,016","842,896,000","0.11K","0.62%"
"03/18/2021","842,896,000","852,264,000","852,264,000","842,896,000","0.16K","-1.10%"
"03/17/2021","852,264,000","827,966,976","852,264,000","807,806,976","0.15K","2.93%"
"03/16/2021","827,966,976","818,371,968","827,966,976","807,500,032","0.21K","1.17%"
"03/15/2021","818,371,968","858,195,968","858,195,968","818,371,968","0.21K","-4.64%"
"03/14/2021","858,195,968","883,198,976","883,198,976","858,195,968","0.10K","-2.83%"
"03/13/2021","883,198,976","833,806,976","883,198,976","833,806,976","0.16K","5.92%"
"03/12/2021","833,808,000","830,744,000","833,808,000","830,744,000","0.17K","0.37%"
"03/11/2021","830,744,000","808,891,008","830,744,000","808,891,008","0.15K","2.70%"
"03/10/2021","808,891,008","785,000,000","808,891,008","785,000,000","0.20K","3.04%"
"03/09/2021","785,000,000","745,998,016","785,000,000","745,998,016","0.15K","5.23%"
"03/08/2021","745,998,976","730,947,008","745,998,976","730,947,008","0.10K","2.06%"
"03/07/2021","730,945,984","710,872,000","730,945,984","710,872,000","0.14K","2.82%"
"03/06/2021","710,872,000","713,998,976","713,998,976","710,872,000","0.05K","-0.44%"
"03/05/2021","713,998,976","706,585,024","713,998,976","706,585,024","0.14K","1.05%"
"03/04/2021","706,585,024","732,936,000","732,936,000","706,585,024","0.16K","-3.60%"
"03/03/2021","732,936,000","705,000,000","732,936,000","705,000,000","0.15K","3.96%"
"03/02/2021","705,000,000","714,001,024","714,001,024","705,000,000","0.17K","-1.26%"
"03/01/2021","714,000,000","662,300,032","714,000,000","662,300,032","0.19K","7.81%"
"02/28/2021","662,300,032","684,878,016","684,878,016","662,300,032","0.21K","-3.30%"
"02/27/2021","684,878,016","685,971,008","685,971,008","684,878,016","0.14K","0.04%"
"02/26/2021","684,611,968","686,099,968","686,256,000","684,611,968","0.34K","-0.22%"
"02/25/2021","686,099,968","730,950,016","730,950,016","686,099,968","0.18K","-6.14%"
"02/24/2021","730,950,016","725,518,976","750,163,008","725,518,976","0.26K","0.75%"
"02/23/2021","725,518,976","799,998,976","799,998,976","701,187,008","0.70K","-9.31%"
"02/22/2021","799,998,976","847,000,000","847,000,000","799,998,976","0.54K","-5.55%"
"02/21/2021","847,000,000","824,184,000","847,000,000","824,184,000","0.15K","2.77%"
"02/20/2021","824,184,000","813,340,032","824,184,000","813,340,032","0.28K","1.33%"
"02/19/2021","813,340,032","737,411,968","813,340,032","737,411,968","0.28K","10.30%"
"02/18/2021","737,411,968","737,190,976","738,051,008","737,190,976","0.17K","0.03%"
"02/17/2021","737,190,976","703,979,008","737,190,976","703,979,008","0.34K","4.72%"
"02/16/2021","703,979,008","691,905,024","703,979,008","691,905,024","0.23K","1.75%"
"02/15/2021","691,905,024","709,003,008","709,003,008","691,347,968","0.23K","-2.41%"
"02/14/2021","709,003,008","679,000,000","710,497,024","679,000,000","0.24K","4.42%"
"02/13/2021","679,000,000","677,281,024","679,000,000","677,281,024","0.11K","0.22%"
"02/12/2021","677,524,992","680,470,976","680,470,976","677,524,992","0.18K","-0.43%"
"02/11/2021","680,470,976","642,337,024","680,470,976","642,337,024","0.28K","5.94%"
"02/10/2021","642,337,024","657,150,976","657,150,976","642,337,024","0.27K","-2.25%"
"02/09/2021","657,150,016","637,998,976","657,150,016","637,998,976","0.34K","3.00%"
"02/08/2021","637,998,976","549,001,984","637,998,976","549,001,984","0.46K","16.21%"
"02/07/2021","549,001,984","552,974,976","552,974,976","545,004,032","0.17K","-0.72%"
"02/06/2021","552,974,976","532,337,984","552,974,976","532,337,984","0.29K","3.88%"
"02/05/2021","532,337,984","515,000,000","532,337,984","515,000,000","0.18K","3.37%"
"02/04/2021","515,000,000","518,568,992","518,568,992","510,862,016","0.27K","-0.69%"
"02/03/2021","518,568,000","493,691,008","518,568,000","493,691,008","0.28K","5.04%"
"02/02/2021","493,691,008","469,503,008","493,691,008","469,503,008","0.18K","5.15%"
"02/01/2021","469,503,008","465,246,016","469,503,008","465,246,016","0.21K","0.91%"
"01/31/2021","465,246,016","478,076,000","478,076,000","465,246,016","0.17K","-2.68%"
"01/30/2021","478,076,000","472,625,984","478,089,984","472,625,984","0.20K","1.15%"
"01/29/2021","472,625,984","461,876,992","514,000,000","461,876,992","0.50K","2.33%"
"01/28/2021","461,876,992","433,176,000","461,876,992","433,176,000","0.21K","6.63%"
"01/27/2021","433,176,000","460,969,984","460,969,984","433,176,000","0.26K","-6.03%"
"01/26/2021","460,969,984","456,000,992","460,969,984","456,000,992","0.21K","1.09%"
"01/25/2021","456,000,992","451,999,008","463,705,984","451,999,008","0.32K","0.89%"
"01/24/2021","451,999,008","449,936,992","451,999,008","447,108,992","0.12K","0.46%"
"01/23/2021","449,936,992","468,201,984","468,201,984","449,936,992","0.24K","-3.90%"
"01/22/2021","468,200,992","445,567,008","468,200,992","422,902,016","0.45K","5.08%"
"01/21/2021","445,567,008","503,300,000","503,300,000","445,567,008","0.40K","-11.47%"
"01/20/2021","503,300,000","508,383,008","508,383,008","503,300,000","0.29K","-1.00%"
"01/19/2021","508,383,008","515,988,992","520,447,008","508,383,008","0.24K","-1.47%"
"01/18/2021","515,988,992","505,576,992","515,988,992","505,576,992","0.22K","2.06%"
"01/17/2021","505,576,992","511,998,016","511,998,016","505,576,992","0.23K","-1.30%"
"01/16/2021","512,224,000","525,000,992","525,000,992","512,224,000","0.21K","-2.43%"
"01/15/2021","525,000,992","551,574,016","551,574,016","523,339,008","0.32K","-4.64%"
"01/14/2021","550,550,016","530,203,008","550,550,016","530,203,008","0.32K","3.84%"
"01/13/2021","530,179,008","487,351,008","530,179,008","471,030,016","0.38K","8.79%"
"01/12/2021","487,351,008","508,600,000","508,600,000","487,351,008","0.42K","-4.28%"
"01/11/2021","509,120,000","545,499,008","545,499,008","509,120,000","0.97K","-6.67%"
"01/10/2021","545,499,008","567,004,032","577,056,000","545,499,008","0.39K","-3.79%"
"01/09/2021","567,004,032","576,302,976","576,302,976","567,004,032","0.25K","-1.58%"
"01/08/2021","576,089,024","553,516,032","576,089,024","553,516,032","0.61K","4.08%"
"01/07/2021","553,516,032","512,692,992","553,516,032","512,692,992","0.54K","7.96%"
"01/06/2021","512,692,992","476,400,992","512,692,992","476,400,992","0.45K","7.62%"
"01/05/2021","476,400,992","451,580,000","476,400,992","439,049,984","0.34K","5.52%"
"01/04/2021","451,488,000","462,184,000","462,184,000","451,488,000","0.69K","-2.31%"
"01/03/2021","462,184,000","448,478,016","462,184,000","448,478,016","0.46K","3.06%"
"01/02/2021","448,478,016","412,879,008","458,788,000","412,879,008","0.50K","8.62%"
"01/01/2021","412,879,008","406,377,984","412,879,008","406,377,984","0.21K","1.60%"
"12/31/2020","406,377,984","406,527,008","406,527,008","406,377,984","0.27K","-0.04%"
"12/30/2020","406,527,008","388,000,000","406,527,008","388,000,000","0.38K","4.78%"
"12/29/2020","388,000,000","386,169,984","388,000,000","386,169,984","0.29K","0.47%"
"12/28/2020","386,169,984","373,768,992","387,640,000","373,768,992","0.21K","3.32%"
"12/27/2020","373,768,992","377,776,992","399,548,992","373,768,992","0.59K","-1.06%"
"12/26/2020","377,776,992","352,024,992","377,776,992","352,024,992","0.28K","7.32%"
"12/25/2020","352,024,992","340,374,016","352,024,992","340,374,016","0.26K","3.42%"
"12/24/2020","340,374,016","336,000,000","340,374,016","335,048,992","0.20K","1.30%"
"12/23/2020","336,000,000","338,500,000","340,745,984","336,000,000","0.35K","-0.74%"
"12/22/2020","338,500,000","325,000,000","338,500,000","325,000,000","0.23K","4.15%"
"12/21/2020","325,000,000","329,380,992","333,342,016","325,000,000","0.42K","-1.33%"
"12/20/2020","329,380,992","332,064,992","332,064,992","329,380,992","0.20K","-0.81%"
"12/19/2020","332,064,992","321,388,000","332,064,992","321,388,000","0.28K","3.32%"
"12/18/2020","321,388,000","314,926,016","321,388,000","314,926,016","0.26K","2.05%"
"12/17/2020","314,926,016","293,785,984","317,576,000","293,785,984","0.75K","7.20%"
"12/16/2020","293,785,984","273,200,992","293,785,984","273,000,000","0.54K","7.53%"
"12/15/2020","273,200,992","270,760,992","273,200,992","270,412,000","0.19K","0.90%"
"12/14/2020","270,760,992","268,782,016","270,760,992","268,782,016","0.11K","0.74%"
"12/13/2020","268,782,016","265,890,000","268,782,016","265,890,000","0.17K","1.09%"
"12/12/2020","265,890,000","258,000,000","265,890,000","258,000,000","0.19K","3.06%"
"12/11/2020","258,000,000","260,084,000","260,084,000","258,000,000","0.22K","-0.80%"
"12/10/2020","260,084,000","264,846,000","264,846,000","260,084,000","0.12K","-1.80%"
"12/09/2020","264,846,000","261,300,000","264,846,000","261,300,000","0.25K","1.36%"
"12/08/2020","261,300,000","270,200,000","270,200,000","261,300,000","0.21K","-3.29%"
"12/07/2020","270,200,000","272,000,000","272,000,000","270,200,000","0.13K","-0.66%"
"12/06/2020","272,000,000","270,000,000","272,000,000","270,000,000","0.11K","0.74%"
"12/05/2020","270,000,000","264,863,008","270,000,000","264,863,008","0.08K","1.94%"
"12/04/2020","264,863,008","271,449,984","271,449,984","264,863,008","0.23K","-2.43%"
"12/03/2020","271,449,984","270,000,000","271,449,984","270,000,000","0.23K","0.54%"
"12/02/2020","270,000,000","264,892,000","270,000,000","264,892,000","0.19K","1.93%"
"12/01/2020","264,892,000","274,848,992","274,848,992","264,892,000","0.41K","-3.62%"
"11/30/2020","274,848,992","256,851,008","274,848,992","256,851,008","0.44K","7.01%"
"11/29/2020","256,851,008","251,090,000","256,851,008","251,090,000","0.14K","2.29%"
"11/28/2020","251,090,000","241,490,000","251,090,000","241,402,000","0.12K","3.98%"
"11/27/2020","241,490,000","243,276,992","243,276,992","241,490,000","0.24K","-0.73%"
"11/26/2020","243,276,992","265,500,000","265,500,000","243,276,992","0.64K","-8.37%"
"11/25/2020","265,500,000","269,249,984","269,249,984","265,500,000","0.22K","-1.39%"
"11/24/2020","269,249,984","259,314,000","269,999,008","258,988,992","0.34K","3.83%"
"11/23/2020","259,314,000","260,910,000","262,508,992","259,314,000","0.18K","-0.61%"
"11/22/2020","260,910,000","264,504,992","264,504,992","258,146,000","0.18K","-1.36%"
"11/21/2020","264,504,992","262,815,008","264,504,992","262,815,008","0.18K","0.64%"
"11/20/2020","262,815,008","252,334,000","262,815,008","252,334,000","0.26K","4.15%"
"11/19/2020","252,334,000","252,200,000","252,334,000","249,948,992","0.24K","0.05%"
"11/18/2020","252,200,000","247,824,000","252,200,000","247,824,000","0.35K","1.77%"
"11/17/2020","247,824,000","235,948,000","247,824,000","235,948,000","0.32K","5.03%"
"11/16/2020","235,948,000","228,400,000","235,948,000","228,400,000","0.19K","3.30%"
"11/15/2020","228,400,000","229,992,000","229,992,000","228,400,000","0.07K","-0.69%"
"11/14/2020","229,992,000","232,335,008","232,335,008","229,992,000","0.12K","-1.01%"
"11/13/2020","232,335,008","230,250,000","232,335,008","230,250,000","0.17K","0.91%"
"11/12/2020","230,250,000","221,130,000","230,250,000","221,130,000","0.28K","4.12%"
"11/11/2020","221,130,000","215,668,992","221,883,008","215,668,992","0.20K","2.53%"
"11/10/2020","215,668,992","217,580,000","217,580,000","215,668,992","0.14K","-0.88%"
"11/09/2020","217,580,000","221,636,992","221,636,992","215,807,008","0.23K","-1.83%"
"11/08/2020","221,636,992","211,940,992","221,636,992","211,940,992","0.13K","4.57%"
"11/07/2020","211,940,992","222,808,992","222,808,992","211,940,992","0.24K","-4.88%"
"11/06/2020","222,808,992","225,056,000","225,056,000","222,808,992","0.34K","-1.00%"
"11/05/2020","225,056,992","205,399,008","225,056,992","205,399,008","0.39K","9.57%"
"11/04/2020","205,399,008","204,051,008","205,399,008","200,895,008","0.21K","0.62%"
"11/03/2020","204,124,992","198,642,000","204,124,992","198,642,000","0.19K","2.76%"
"11/02/2020","198,642,000","199,999,008","199,999,008","196,200,000","0.20K","-0.68%"
"11/01/2020","199,999,008","201,663,008","201,663,008","199,999,008","0.09K","-0.83%"
"10/31/2020","201,663,008","197,718,000","201,663,008","197,718,000","0.18K","2.00%"
"10/30/2020","197,718,000","196,758,000","197,718,000","196,758,000","0.17K","0.49%"
"10/29/2020","196,758,000","194,782,000","196,758,000","194,782,000","0.13K","1.01%"
"10/28/2020","194,782,000","198,632,992","198,632,992","194,782,000","0.28K","-1.94%"
"10/27/2020","198,632,992","190,663,008","198,632,992","190,663,008","0.23K","4.18%"
"10/26/2020","190,663,008","189,956,000","192,100,992","189,956,000","0.16K","0.37%"
"10/25/2020","189,956,000","190,152,000","192,150,000","189,956,000","0.16K","-0.10%"
"10/24/2020","190,152,000","188,264,000","190,152,000","188,264,000","0.14K","1.00%"
"10/23/2020","188,264,000","188,559,008","188,559,008","188,264,000","0.15K","-0.16%"
"10/22/2020","188,559,008","186,348,000","188,559,008","186,348,000","0.22K","1.19%"
"10/21/2020","186,348,000","173,902,000","186,348,000","173,902,000","0.33K","7.16%"
"10/20/2020","173,902,000","171,599,008","173,902,000","171,599,008","0.15K","1.34%"
"10/19/2020","171,599,008","168,124,992","171,599,008","168,124,992","0.17K","2.07%"
"10/18/2020","168,124,992","167,099,008","168,124,992","167,099,008","0.05K","0.61%"
"10/17/2020","167,099,008","167,320,992","167,320,992","167,099,008","0.06K","-0.13%"
"10/16/2020","167,320,992","168,308,992","168,308,992","167,320,992","0.19K","-0.59%"
"10/15/2020","168,308,992","167,064,992","168,308,992","167,064,992","0.15K","0.74%"
"10/14/2020","167,064,992","166,515,008","167,064,992","166,515,008","0.16K","0.33%"
"10/13/2020","166,515,008","167,419,008","167,419,008","166,515,008","0.16K","-0.54%"
"10/12/2020","167,419,008","164,904,992","167,419,008","164,904,992","0.14K","1.52%"
"10/11/2020","164,904,992","164,303,008","164,904,992","164,303,008","0.08K","0.37%"
"10/10/2020","164,303,008","162,198,000","164,303,008","162,198,000","0.17K","1.30%"
"10/09/2020","162,198,000","160,203,008","162,198,000","159,651,008","0.15K","1.25%"
"10/08/2020","160,203,008","157,728,000","160,203,008","157,728,000","0.23K","1.57%"
"10/07/2020","157,728,000","157,596,992","157,728,000","157,596,992","0.11K","0.08%"
"10/06/2020","157,596,992","159,499,008","159,499,008","157,596,992","0.12K","-1.19%"
"10/05/2020","159,499,008","158,719,008","159,499,008","158,219,008","0.09K","0.49%"
"10/04/2020","158,719,008","157,456,992","158,719,008","157,456,992","0.07K","0.80%"
"10/03/2020","157,456,992","157,598,000","157,598,000","157,456,992","0.04K","-0.09%"
"10/02/2020","157,598,000","157,980,992","157,980,992","157,598,000","0.12K","-0.24%"
"10/01/2020","157,980,992","160,488,000","161,786,000","157,980,992","0.11K","-1.56%"
"09/30/2020","160,488,000","161,898,000","161,898,000","160,459,008","0.10K","-0.87%"
"09/29/2020","161,898,000","160,559,008","161,898,000","160,559,008","0.13K","0.83%"
"09/28/2020","160,559,008","160,588,992","160,588,992","160,559,008","0.20K","-0.02%"
"09/27/2020","160,588,992","160,971,008","160,971,008","160,588,992","0.10K","-0.24%"
"09/26/2020","160,971,008","160,399,008","160,971,008","160,399,008","0.09K","0.36%"
"09/25/2020","160,399,008","160,068,992","160,399,008","160,068,992","0.15K","0.21%"
"09/24/2020","160,068,992","153,302,000","160,068,992","153,302,000","0.17K","4.41%"
"09/23/2020","153,302,000","156,600,992","156,600,992","153,302,000","0.16K","-2.11%"
"09/22/2020","156,600,992","154,560,992","156,600,992","154,560,992","0.12K","1.32%"
"09/21/2020","154,560,992","161,795,008","161,795,008","154,560,992","0.16K","-4.47%"
"09/20/2020","161,795,008","163,782,000","163,782,000","161,795,008","0.11K","-1.21%"
"09/19/2020","163,782,000","162,735,008","163,782,000","162,735,008","0.09K","0.64%"
"09/18/2020","162,735,008","163,284,000","163,284,000","162,735,008","0.13K","-0.34%"
"09/17/2020","163,284,000","164,628,992","164,628,992","163,284,000","0.18K","-0.82%"
"09/16/2020","164,628,992","162,106,000","164,628,992","162,106,000","0.23K","1.56%"
"09/15/2020","162,106,000","159,400,992","162,106,000","159,400,992","0.22K","1.73%"
"09/14/2020","159,347,008","154,699,008","159,347,008","154,699,008","0.18K","3.00%"
"09/13/2020","154,699,008","155,999,008","157,600,000","154,699,008","0.16K","-0.83%"
"09/12/2020","156,000,000","155,788,992","156,000,000","155,788,992","0.15K","0.14%"
"09/11/2020","155,788,992","154,410,000","155,788,992","154,410,000","0.13K","0.89%"
"09/10/2020","154,410,000","151,744,992","154,410,000","151,744,992","0.20K","1.76%"
"09/09/2020","151,744,992","150,600,000","151,744,992","150,600,000","0.17K","0.76%"
"09/08/2020","150,600,000","154,300,000","154,300,000","150,600,000","0.24K","-2.40%"
"09/07/2020","154,300,000","154,202,000","154,300,000","150,598,000","0.26K","0.06%"
"09/06/2020","154,202,000","152,100,992","154,202,000","152,100,992","0.12K","1.38%"
"09/05/2020","152,100,992","156,811,008","156,811,008","152,100,992","0.22K","-3.00%"
"09/04/2020","156,811,008","155,860,992","156,811,008","155,860,992","0.37K","0.61%"
"09/03/2020","155,860,992","169,500,992","169,500,992","155,860,992","0.31K","-8.05%"
"09/02/2020","169,500,992","174,588,000","174,588,000","168,880,000","0.25K","-2.91%"
"09/01/2020","174,588,000","171,000,992","174,848,992","171,000,992","0.26K","2.10%"
"08/31/2020","171,000,992","171,600,000","171,600,000","170,820,000","0.17K","-0.35%"
"08/30/2020","171,600,000","168,800,992","171,600,000","168,800,992","0.15K","1.66%"
"08/29/2020","168,800,992","169,899,008","169,899,008","168,800,992","0.09K","-0.65%"
"08/28/2020","169,899,008","168,266,000","169,899,008","168,266,000","0.11K","0.97%"
"08/27/2020","168,266,000","170,080,992","170,080,992","168,266,000","0.17K","-1.07%"
"08/26/2020","170,080,992","170,160,000","170,160,000","170,080,992","0.22K","-0.05%"
"08/25/2020","170,160,000","175,251,008","175,251,008","170,160,000","0.28K","-2.90%"
"08/24/2020","175,251,008","174,563,008","175,251,008","174,563,008","0.18K","0.39%"
"08/23/2020","174,563,008","175,472,000","175,472,000","174,563,008","0.14K","-0.52%"
"08/22/2020","175,472,000","174,832,992","175,472,000","174,832,992","0.18K","0.37%"
"08/21/2020","174,832,992","178,914,000","178,914,000","174,832,992","0.16K","-2.25%"
"08/20/2020","178,852,000","178,048,000","178,852,000","178,048,000","0.16K","0.45%"
"08/19/2020","178,048,000","181,400,000","181,400,000","178,048,000","0.39K","-1.85%"
"08/18/2020","181,400,000","183,130,000","183,130,000","181,400,000","0.28K","-0.94%"
"08/17/2020","183,130,000","177,404,992","183,130,000","177,404,992","0.33K","3.23%"
"08/16/2020","177,404,992","177,300,992","177,404,992","176,995,008","0.12K","0.06%"
"08/15/2020","177,300,992","175,436,000","177,300,992","175,436,000","0.27K","1.06%"
"08/14/2020","175,436,000","174,579,008","175,436,000","174,579,008","0.23K","0.49%"
"08/13/2020","174,579,008","172,763,008","174,579,008","171,500,000","0.32K","1.05%"
"08/12/2020","172,763,008","170,851,008","172,763,008","170,851,008","0.34K","1.12%"
"08/11/2020","170,851,008","173,900,000","173,904,000","170,851,008","0.42K","-1.75%"
"08/10/2020","173,900,000","171,596,000","173,900,000","171,596,000","0.44K","1.34%"
"08/09/2020","171,596,000","172,415,008","172,415,008","171,227,008","0.15K","-0.48%"
"08/08/2020","172,415,008","170,602,000","172,415,008","170,602,000","0.15K","1.06%"
"08/07/2020","170,602,000","171,404,992","171,404,992","170,602,000","0.34K","-0.47%"
"08/06/2020","171,404,992","169,692,000","171,404,992","169,692,000","0.27K","1.01%"
"08/05/2020","169,692,000","164,860,000","169,692,000","164,860,000","0.32K","2.93%"
"08/04/2020","164,860,000","165,184,992","166,015,008","164,860,000","0.20K","-0.20%"
"08/03/2020","165,184,000","161,560,000","165,184,000","161,560,000","0.26K","2.24%"
"08/02/2020","161,560,000","170,700,000","170,700,000","161,560,000","0.48K","-5.35%"
"08/01/2020","170,700,000","164,999,008","170,700,000","164,999,008","0.41K","3.39%"
"07/31/2020","165,096,000","161,963,008","165,096,000","161,963,008","0.33K","1.93%"
"07/30/2020","161,963,008","161,823,008","161,963,008","161,214,000","0.23K","0.09%"
"07/29/2020","161,823,008","159,020,000","161,836,992","159,020,000","0.40K","1.76%"
"07/28/2020","159,020,000","161,871,008","161,871,008","159,020,000","0.60K","6.02%"
"07/27/2020","149,990,000","143,788,000","149,990,000","143,788,000","0.37K","4.31%"
"07/26/2020","143,788,000","140,500,000","143,788,000","140,500,000","0.31K","2.34%"
"07/25/2020","140,500,000","139,002,000","140,500,000","139,002,000","0.17K","1.08%"
"07/24/2020","139,002,000","139,587,008","139,587,008","139,002,000","0.15K","-0.42%"
"07/23/2020","139,587,008","138,496,000","139,587,008","138,496,000","0.20K","0.79%"
"07/22/2020","138,496,000","137,375,008","138,496,000","136,739,008","0.22K","0.82%"
"07/21/2020","137,375,008","134,356,992","137,375,008","134,356,992","0.30K","2.25%"
"07/20/2020","134,356,992","133,989,000","134,356,992","133,989,000","0.18K","0.27%"
"07/19/2020","133,989,000","133,700,000","133,989,000","133,700,000","0.09K","0.22%"
"07/18/2020","133,700,000","134,200,000","134,200,000","133,700,000","0.09K","-0.37%"
"07/17/2020","134,200,000","133,523,000","134,200,000","133,523,000","0.19K","0.51%"
"07/16/2020","133,523,000","133,567,000","133,567,000","133,523,000","0.19K","-0.03%"
"07/15/2020","133,567,000","133,503,000","133,615,000","133,503,000","0.19K","0.05%"
"07/14/2020","133,503,000","133,001,000","133,599,000","133,001,000","0.20K","0.38%"
"07/13/2020","133,001,000","133,164,000","133,457,000","133,001,000","0.19K","-0.12%"
"07/12/2020","133,164,000","132,590,000","133,164,000","132,590,000","0.10K","0.43%"
"07/11/2020","132,590,000","133,699,000","133,699,000","132,590,000","0.09K","-0.83%"
"07/10/2020","133,699,000","132,900,000","133,699,000","132,900,000","0.19K","0.60%"
"07/09/2020","132,900,000","134,081,000","134,588,992","132,900,000","0.25K","-0.88%"
"07/08/2020","134,081,000","132,905,000","134,081,000","132,905,000","0.24K","0.88%"
"07/07/2020","132,905,000","134,194,000","134,194,000","132,905,000","0.18K","-0.96%"
"07/06/2020","134,194,000","132,800,000","134,194,000","132,359,000","0.22K","1.05%"
"07/05/2020","132,800,000","132,949,000","133,300,000","132,167,000","0.10K","-0.11%"
"07/04/2020","132,949,000","132,612,000","133,654,000","132,287,000","0.08K","0.25%"
"07/03/2020","132,612,000","132,751,000","133,299,000","132,510,000","0.13K","-0.10%"
"07/02/2020","132,751,000","133,133,000","134,101,000","131,870,000","0.20K","-0.29%"
"07/01/2020","133,133,000","132,296,000","134,432,000","132,099,000","0.21K","0.63%"
"06/30/2020","132,296,000","132,958,000","133,400,000","132,100,000","0.19K","-0.50%"
"06/29/2020","132,958,000","132,650,000","133,424,000","131,600,000","0.20K","0.23%"
"06/28/2020","132,650,000","131,977,000","133,522,000","131,200,000","0.13K","0.51%"
"06/27/2020","131,977,000","133,701,000","133,850,000","131,170,000","0.20K","-1.29%"
"06/26/2020","133,701,000","133,965,000","134,400,000","132,680,000","0.20K","-0.20%"
"06/25/2020","133,965,000","134,150,000","135,100,992","131,499,000","0.31K","-0.14%"
"06/24/2020","134,150,000","136,356,000","136,840,000","133,000,000","0.25K","-1.62%"
"06/23/2020","136,356,000","137,819,008","137,938,000","136,000,000","0.27K","-1.06%"
"06/22/2020","137,819,008","133,030,000","137,880,992","132,963,000","0.26K","3.60%"
"06/21/2020","133,030,000","134,251,008","134,754,000","133,003,000","0.08K","-0.91%"
"06/20/2020","134,251,008","133,809,000","134,315,008","133,000,000","0.10K","0.33%"
"06/19/2020","133,809,000","134,500,992","134,770,000","133,515,000","0.17K","-0.51%"
"06/18/2020","134,500,992","135,563,008","135,818,000","133,850,000","0.15K","-0.78%"
"06/17/2020","135,563,008","136,106,000","136,695,008","134,592,000","0.22K","-0.40%"
"06/16/2020","136,106,000","136,959,008","137,775,008","135,500,000","0.28K","-0.62%"
"06/15/2020","136,959,008","137,140,992","137,142,000","131,170,000","0.45K","-0.13%"
"06/14/2020","137,140,992","137,748,992","137,872,000","136,526,000","0.10K","-0.44%"
"06/13/2020","137,748,992","137,070,000","137,884,000","136,574,000","0.09K","0.50%"
"06/12/2020","137,070,000","136,882,000","138,016,992","136,000,000","0.21K","0.14%"
"06/11/2020","136,882,000","140,254,000","141,000,000","134,936,000","0.49K","-2.40%"
"06/10/2020","140,254,000","138,152,000","140,646,000","138,152,000","0.23K","1.52%"
"06/09/2020","138,152,000","138,000,000","139,000,000","136,938,000","0.26K","0.11%"
"06/08/2020","138,000,000","138,138,000","138,850,000","137,000,992","0.26K","-0.10%"
"06/07/2020","138,138,000","137,890,000","138,976,000","135,848,000","0.33K","0.18%"
"06/06/2020","137,890,000","137,014,000","137,954,000","136,620,000","0.17K","0.64%"
"06/05/2020","137,014,000","139,484,992","139,732,000","137,014,000","0.27K","-1.77%"
"06/04/2020","139,484,992","137,975,008","140,000,000","136,620,000","0.28K","1.09%"
"06/03/2020","137,975,008","137,775,008","138,000,000","136,248,000","0.22K","0.15%"
"06/02/2020","137,775,008","145,898,000","145,900,000","135,030,000","0.77K","-5.57%"
"06/01/2020","145,898,000","137,799,008","145,900,000","137,320,000","0.28K","5.88%"
"05/31/2020","137,799,008","140,383,008","140,384,000","137,332,000","0.19K","-1.84%"
"05/30/2020","140,383,008","137,910,000","140,500,000","137,008,992","0.20K","1.79%"
"05/29/2020","137,910,000","141,196,000","141,500,000","137,000,992","0.25K","-2.33%"
"05/28/2020","141,196,000","137,030,000","141,200,000","136,444,000","0.36K","3.04%"
"05/27/2020","137,030,000","132,720,000","137,540,000","132,450,000","0.39K","3.25%"
"05/26/2020","132,720,000","133,745,000","134,998,000","131,000,000","0.29K","-0.77%"
"05/25/2020","133,745,000","132,345,000","134,956,000","131,355,000","0.29K","1.06%"
"05/24/2020","132,345,000","137,890,000","139,387,008","132,091,000","0.27K","-4.02%"
"05/23/2020","137,890,000","138,620,000","140,110,000","137,100,992","0.19K","-0.53%"
"05/22/2020","138,620,000","136,383,008","139,499,008","135,000,992","0.34K","1.64%"
"05/21/2020","136,383,008","141,451,008","142,140,992","133,200,000","0.50K","-3.58%"
"05/20/2020","141,451,008","143,232,000","143,590,000","139,000,000","0.47K","-1.24%"
"05/19/2020","143,232,000","143,206,000","144,207,008","140,900,000","0.30K","0.00%"
"05/18/2020","143,239,008","142,548,992","145,500,992","141,011,008","0.39K","0.48%"
"05/17/2020","142,548,992","140,340,992","144,688,992","139,500,000","0.37K","1.57%"
"05/16/2020","140,340,992","138,432,000","142,250,000","137,155,008","0.26K","1.38%"
"05/15/2020","138,432,000","144,775,008","144,990,000","136,948,992","0.46K","-4.38%"
"05/14/2020","144,775,008","138,884,000","147,500,000","137,596,000","0.62K","4.24%"
"05/13/2020","138,884,000","133,500,000","139,756,000","133,005,000","0.43K","4.03%"
"05/12/2020","133,500,000","130,603,000","135,400,000","130,537,000","0.36K","2.22%"
"05/11/2020","130,603,000","132,106,000","139,600,000","127,700,000","0.75K","-1.14%"
"05/10/2020","132,106,000","143,267,008","143,267,008","127,581,000","0.76K","-7.82%"
"05/09/2020","143,316,992","146,498,000","148,071,008","142,344,000","0.40K","-2.17%"
"05/08/2020","146,499,008","148,150,000","149,990,000","145,000,000","0.60K","-1.13%"
"05/07/2020","148,174,000","138,604,992","149,000,992","137,600,000","0.85K","6.90%"
"05/06/2020","138,604,992","136,099,008","140,800,000","135,103,008","0.52K","1.84%"
"05/05/2020","136,099,008","133,352,000","137,000,000","133,182,000","0.42K","2.06%"
"05/04/2020","133,352,000","131,650,000","134,800,000","129,261,000","0.41K","1.29%"
"05/03/2020","131,650,000","132,223,000","134,824,992","130,018,000","0.34K","-0.43%"
"05/02/2020","132,223,000","131,352,000","132,869,000","129,788,000","0.20K","0.66%"
"05/01/2020","131,352,000","127,861,000","134,499,008","126,965,000","0.48K","2.73%"
"04/30/2020","127,862,000","132,999,000","140,600,000","127,000,000","1.09K","-3.86%"
"04/29/2020","133,000,000","118,919,000","134,600,000","118,540,000","0.83K","11.84%"
"04/28/2020","118,919,000","118,979,000","119,011,000","117,775,000","0.25K","-0.05%"
"04/27/2020","118,979,000","116,698,000","118,999,000","116,697,000","0.34K","1.96%"
"04/26/2020","116,697,000","115,298,000","116,702,000","115,100,000","0.20K","1.22%"
"04/25/2020","115,295,000","114,740,000","116,369,000","114,387,000","0.19K","0.48%"
"04/24/2020","114,739,000","114,379,000","116,275,000","113,507,000","0.28K","0.32%"
"04/23/2020","114,370,000","110,757,000","116,100,000","109,688,000","0.60K","3.26%"
"04/22/2020","110,757,000","108,355,000","111,798,000","108,131,000","0.30K","2.22%"
"04/21/2020","108,356,000","108,999,000","110,050,000","108,000,000","0.28K","-0.59%"
"04/20/2020","108,999,000","109,741,000","111,198,000","107,406,000","0.32K","-0.68%"
"04/19/2020","109,741,000","112,098,000","112,100,000","109,506,000","0.18K","-2.10%"
"04/18/2020","112,098,000","109,786,000","112,505,000","109,786,000","0.20K","2.04%"
"04/17/2020","109,858,000","111,294,000","111,999,000","109,210,000","0.24K","-1.29%"
"04/16/2020","111,294,000","105,350,000","112,532,000","104,199,000","0.52K","5.85%"
"04/15/2020","105,141,000","109,398,000","110,781,000","105,139,000","0.35K","-3.89%"
"04/14/2020","109,398,000","111,526,000","112,000,000","109,118,000","0.32K","-1.91%"
"04/13/2020","111,526,000","112,296,000","112,296,000","108,000,000","0.63K","-0.69%"
"04/12/2020","112,296,000","112,310,000","116,455,000","111,460,000","0.29K","-0.01%"
"04/11/2020","112,310,000","111,500,000","112,868,000","110,709,000","0.26K","0.79%"
"04/10/2020","111,425,000","117,290,000","117,457,000","110,507,000","0.57K","-5.00%"
"04/09/2020","117,290,000","118,804,000","119,042,000","116,300,000","0.30K","-1.27%"
"04/08/2020","118,804,000","117,197,000","119,521,000","116,384,000","0.39K","1.37%"
"04/07/2020","117,197,000","117,500,000","119,272,000","115,949,000","0.53K","-0.24%"
"04/06/2020","117,481,000","111,907,000","117,648,000","111,824,000","0.60K","4.99%"
"04/05/2020","111,898,000","112,050,000","113,175,000","110,900,000","0.19K","-0.11%"
"04/04/2020","112,019,000","111,610,000","113,289,000","110,300,000","0.24K","0.37%"
"04/03/2020","111,610,000","111,484,000","114,911,000","110,099,000","0.44K","0.11%"
"04/02/2020","111,484,000","110,338,000","116,832,000","108,701,000","0.71K","1.04%"
"04/01/2020","110,338,000","106,036,000","110,380,000","103,031,000","0.45K","4.06%"
"03/31/2020","106,036,000","105,742,000","107,730,000","105,500,000","0.38K","0.28%"
"03/30/2020","105,742,000","98,093,000","108,643,000","97,943,000","0.59K","7.80%"
"03/29/2020","98,093,000","103,124,000","103,316,000","98,093,000","0.19K","-4.88%"
"03/28/2020","103,124,000","104,752,000","105,045,000","100,500,000","0.39K","-1.55%"
"03/27/2020","104,752,000","110,496,000","111,000,000","103,847,000","0.54K","-5.20%"
"03/26/2020","110,496,000","109,706,000","110,850,000","107,700,000","0.46K","0.72%"
"03/25/2020","109,706,000","110,400,000","112,267,000","107,456,000","0.54K","-0.63%"
"03/24/2020","110,400,000","107,693,000","111,296,000","105,001,000","0.69K","2.51%"
"03/23/2020","107,693,000","96,482,000","110,000,000","96,000,000","0.83K","11.62%"
"03/22/2020","96,482,000","101,000,000","104,029,000","96,354,000","0.34K","-4.34%"
"03/21/2020","100,855,000","102,043,000","104,994,000","96,281,000","0.48K","-1.13%"
"03/20/2020","102,008,000","100,550,000","112,503,000","96,400,000","1.09K","1.45%"
"03/19/2020","100,551,000","83,670,000","104,158,000","83,498,000","1.15K","20.18%"
"03/18/2020","83,669,000","83,061,000","84,395,000","79,750,000","0.61K","0.44%"
"03/17/2020","83,300,000","76,883,000","85,579,000","75,737,000","0.80K","8.35%"
"03/16/2020","76,883,000","81,358,000","81,892,000","70,265,000","0.98K","-5.50%"
"03/15/2020","81,358,000","79,500,000","88,956,000","79,139,000","0.35K","2.03%"
"03/14/2020","79,743,000","84,505,000","85,893,000","78,947,000","0.29K","-5.64%"
"03/13/2020","84,505,000","76,500,000","98,000,000","64,112,000","1.36K","10.46%"
"03/12/2020","76,500,000","116,000,000","116,130,000","75,000,000","1.01K","-34.05%"
"03/11/2020","116,000,000","114,848,000","116,369,000","111,450,000","0.22K","1.00%"
"03/10/2020","114,848,000","115,974,000","119,444,000","113,775,000","0.36K","-0.97%"
"03/09/2020","115,974,000","116,453,000","119,000,000","112,500,000","0.66K","-0.54%"
"03/08/2020","116,600,000","126,872,000","126,926,000","116,130,000","0.28K","-8.10%"
"03/07/2020","126,872,000","129,666,000","130,000,000","125,984,000","0.13K","-2.15%"
"03/06/2020","129,666,000","128,330,000","130,237,000","127,688,000","0.18K","1.04%"
"03/05/2020","128,330,000","125,091,000","129,873,000","125,091,000","0.27K","2.59%"
"03/04/2020","125,091,000","125,551,000","126,100,000","123,843,000","0.19K","-0.37%"
"03/03/2020","125,551,000","127,812,000","127,931,000","123,500,000","0.21K","-1.77%"
"03/02/2020","127,812,000","122,655,000","128,022,000","121,000,000","0.37K","4.09%"
"03/01/2020","122,792,000","123,000,000","125,000,000","121,469,000","0.12K","-0.17%"
"02/29/2020","123,000,000","124,992,000","126,000,000","123,000,000","0.09K","-1.59%"
"02/28/2020","124,992,000","124,581,000","127,607,000","122,000,000","0.31K","0.33%"
"02/27/2020","124,579,000","124,654,000","127,436,000","121,000,000","0.45K","-0.06%"
"02/26/2020","124,654,000","131,100,000","132,000,000","123,000,000","0.37K","-4.92%"
"02/25/2020","131,100,000","134,580,992","135,010,000","130,448,000","0.32K","-2.59%"
"02/24/2020","134,580,992","136,412,992","137,000,000","132,900,000","0.18K","-1.34%"
"02/23/2020","136,412,992","133,891,000","137,480,000","133,773,000","0.13K","1.88%"
"02/22/2020","133,890,000","134,255,008","134,668,992","133,014,000","0.07K","-0.27%"
"02/21/2020","134,255,008","132,818,000","135,108,000","132,818,000","0.13K","1.08%"
"02/20/2020","132,818,000","134,300,000","135,140,000","132,029,000","0.26K","-1.25%"
"02/19/2020","134,500,000","139,780,992","140,250,000","133,162,000","0.33K","-3.78%"
"02/18/2020","139,780,992","134,187,000","141,100,000","132,733,000","0.30K","4.17%"
"02/17/2020","134,187,000","137,575,008","137,575,008","131,500,000","0.30K","-2.46%"
"02/16/2020","137,575,008","137,316,992","139,211,008","134,500,000","0.23K","0.19%"
"02/15/2020","137,316,992","141,523,008","141,940,000","135,644,000","0.21K","-2.98%"
"02/14/2020","141,528,000","140,551,008","142,000,000","139,207,008","0.17K","0.85%"
"02/13/2020","140,342,000","140,110,000","142,888,992","139,044,992","0.35K","0.17%"
"02/12/2020","140,110,000","139,452,000","140,500,000","139,002,000","0.23K","0.47%"
"02/11/2020","139,452,000","135,415,008","140,400,000","133,375,000","0.30K","2.98%"
"02/10/2020","135,415,008","137,784,992","137,990,000","134,500,000","0.27K","-1.72%"
"02/09/2020","137,784,992","134,848,992","138,091,008","134,776,000","0.16K","2.18%"
"02/08/2020","134,848,992","133,600,000","134,900,000","132,000,000","0.15K","0.93%"
"02/07/2020","133,600,000","131,758,000","133,700,000","131,712,000","0.21K","1.44%"
"02/06/2020","131,708,000","129,750,000","132,330,000","128,000,000","0.27K","1.51%"
"02/05/2020","129,751,000","126,441,000","131,000,000","126,001,000","0.37K","2.62%"
"02/04/2020","126,442,000","127,800,000","128,450,000","125,504,000","0.24K","-1.06%"
"02/03/2020","127,800,000","127,202,000","130,000,000","126,848,000","0.23K","0.47%"
"02/02/2020","127,201,000","128,500,000","128,719,000","126,499,000","0.19K","-1.01%"
"02/01/2020","128,499,000","127,444,000","128,969,000","127,444,000","0.11K","0.83%"
"01/31/2020","127,444,000","127,670,000","128,500,000","125,789,000","0.28K","-0.18%"
"01/30/2020","127,670,000","123,323,000","128,400,000","122,200,000","0.38K","3.51%"
"01/29/2020","123,343,000","124,883,000","126,010,000","122,356,000","0.49K","1.37%"
"01/28/2020","121,682,000","119,238,000","123,365,000","119,238,000","0.53K","2.05%"
"01/27/2020","119,239,000","117,800,000","121,100,000","117,799,000","0.43K","1.29%"
"01/26/2020","117,724,000","114,578,000","117,800,000","113,973,000","0.14K","2.75%"
"01/25/2020","114,578,000","115,399,000","115,400,000","113,500,000","0.11K","-0.71%"
"01/24/2020","115,400,000","115,083,000","116,638,000","113,052,000","0.21K","0.28%"
"01/23/2020","115,083,000","118,647,000","118,648,000","114,160,000","0.30K","-3.00%"
"01/22/2020","118,646,000","119,201,000","119,622,000","118,175,000","0.16K","-0.47%"
"01/21/2020","119,201,000","118,514,000","120,000,000","117,000,000","0.26K","0.58%"
"01/20/2020","118,514,000","119,250,000","119,857,000","117,049,000","0.26K","-0.62%"
"01/19/2020","119,250,000","120,918,000","123,801,000","116,750,000","0.31K","-1.38%"
"01/18/2020","120,918,000","120,708,000","121,399,000","119,490,000","0.13K","0.17%"
"01/17/2020","120,708,000","118,620,000","121,511,000","118,204,000","0.22K","1.76%"
"01/16/2020","118,620,000","119,494,000","119,850,000","117,000,000","0.22K","-0.73%"
"01/15/2020","119,494,000","118,425,000","120,565,000","115,999,000","0.41K","0.90%"
"01/14/2020","118,425,000","110,454,000","118,618,000","110,375,000","0.82K","7.22%"
"01/13/2020","110,454,000","111,714,000","111,751,000","109,950,000","0.21K","-1.13%"
"01/12/2020","111,714,000","109,797,000","111,714,000","109,346,000","0.09K","1.65%"
"01/11/2020","109,901,000","112,899,000","113,501,000","109,901,000","0.19K","-2.66%"
"01/10/2020","112,900,000","109,233,000","112,900,000","106,800,000","0.35K","3.36%"
"01/09/2020","109,234,000","112,612,000","112,715,000","108,673,000","0.32K","-3.00%"
"01/08/2020","112,612,000","110,420,000","115,000,000","110,408,000","0.57K","2.00%"
"01/07/2020","110,408,000","106,999,000","110,499,000","105,244,000","0.68K","3.19%"
"01/06/2020","107,000,000","101,700,000","107,070,000","101,700,000","0.30K","5.21%"
"01/05/2020","101,701,000","101,995,000","103,400,000","101,301,000","0.14K","-0.29%"
"01/04/2020","101,995,000","101,698,000","102,242,000","101,010,000","0.13K","0.29%"
"01/03/2020","101,698,000","98,001,000","102,999,000","97,000,000","0.29K","3.77%"
"01/02/2020","98,000,000","101,071,000","101,300,000","97,746,000","0.24K","-3.10%"
"01/01/2020","101,139,000","100,295,000","102,567,000","100,090,000","0.25K","0.73%"